cell,run_id,carbon_price,demand_level,demand_scalar,year,trace_directory,realised_demand_ratio,rep_weeks,named_weeks,resolution_min,solver_options,model_status,pdlp_gap_rel,pdlp_pinf_rel,pdlp_dinf_rel,pdlp_iterations,objective_value,lp_rows,solve_s,wall_clock_s,network_path,record_path
sweep_c0_d087,sweep_c0_d087_2030,0,d087,0.869546,2030,traces_d087,0.869546,1 6 10 14 19 22 26 32 35 39 41 45 50,suppressed,30,"{""solver"": ""pdlp"", ""pdlp_optimality_tolerance"": 0.003, ""primal_feasibility_tolerance"": 0.003, ""dual_feasibility_tolerance"": 0.003}",Unknown,0.00211,0.00185,1.28e-07,21040,889105582.21,12030865,7921.439174099825,8504.980689899996,analysis\benchmarks\runs_myopic\sweep_c0_d087_2030__cost_optimal\outputs\capacity_expansion.nc,analysis\benchmarks\records\sweep_c0_d087_2030.json
sweep_c0_d087,sweep_c0_d087_2040,0,d087,0.869546,2040,traces_d087,0.869546,1 6 10 14 19 22 26 32 35 39 41 45 50,suppressed,30,"{""solver"": ""pdlp"", ""pdlp_optimality_tolerance"": 0.003, ""primal_feasibility_tolerance"": 0.003, ""dual_feasibility_tolerance"": 0.003}",Unknown,0.00229,0.000243,8.31e-06,31640,9299481403.8,12598723,12178.096865799977,12769.142904500011,analysis\benchmarks\runs_myopic\sweep_c0_d087_2040__cost_optimal\outputs\capacity_expansion.nc,analysis\benchmarks\records\sweep_c0_d087_2040.json
sweep_c0_d087,sweep_c0_d087_2050,0,d087,0.869546,2050,traces_d087,0.869546,1 6 10 14 19 22 26 32 35 39 41 45 50,suppressed,30,"{""solver"": ""pdlp"", ""pdlp_optimality_tolerance"": 0.003, ""primal_feasibility_tolerance"": 0.003, ""dual_feasibility_tolerance"": 0.003}",Unknown,0.00299,0.00217,6.56e-07,33120,8014360467.0,12415231,12572.534486099845,13154.175772000104,analysis\benchmarks\runs_myopic\sweep_c0_d087_2050__cost_optimal\outputs\capacity_expansion.nc,analysis\benchmarks\records\sweep_c0_d087_2050.json
sweep_c0_d100,sweep_c0_d100_2030,0,d100,1.0,2030,traces_d100,1.0,1 6 10 14 19 22 26 32 35 39 41 45 50,suppressed,30,"{""solver"": ""pdlp"", ""pdlp_optimality_tolerance"": 0.003, ""primal_feasibility_tolerance"": 0.003, ""dual_feasibility_tolerance"": 0.003}",Unknown,0.00299,0.000124,2.18e-08,25640,2262684183.4,12030865,9265.679853199981,9841.119621699909,analysis\benchmarks\runs_myopic\sweep_c0_d100_2030__cost_optimal\outputs\capacity_expansion.nc,analysis\benchmarks\records\sweep_c0_d100_2030.json
sweep_c0_d100,sweep_c0_d100_2040,0,d100,1.0,2040,traces_d100,1.0,1 6 10 14 19 22 26 32 35 39 41 45 50,suppressed,30,"{""solver"": ""pdlp"", ""pdlp_optimality_tolerance"": 0.003, ""primal_feasibility_tolerance"": 0.003, ""dual_feasibility_tolerance"": 0.003}",Unknown,0.00295,0.000596,3.28e-06,19080,12916653554.0,12598723,7307.30537889991,7888.496453200001,analysis\benchmarks\runs_myopic\sweep_c0_d100_2040__cost_optimal\outputs\capacity_expansion.nc,analysis\benchmarks\records\sweep_c0_d100_2040.json
sweep_c0_d100,sweep_c0_d100_2050,0,d100,1.0,2050,traces_d100,1.0,1 6 10 14 19 22 26 32 35 39 41 45 50,suppressed,30,"{""solver"": ""pdlp"", ""pdlp_optimality_tolerance"": 0.003, ""primal_feasibility_tolerance"": 0.003, ""dual_feasibility_tolerance"": 0.003}",Unknown,0.00295,0.00116,9.24e-07,26640,9671311244.6,12646735,10382.769183999859,11002.55463499995,analysis\benchmarks\runs_myopic\sweep_c0_d100_2050__cost_optimal\outputs\capacity_expansion.nc,analysis\benchmarks\records\sweep_c0_d100_2050.json
sweep_c0_d110,sweep_c0_d110_2030,0,d110,1.1,2030,traces_d110,1.1,1 6 10 14 19 22 26 32 35 39 41 45 50,suppressed,30,"{""solver"": ""pdlp"", ""pdlp_optimality_tolerance"": 0.003, ""primal_feasibility_tolerance"": 0.003, ""dual_feasibility_tolerance"": 0.003}",Unknown,0.00298,6.49e-05,7.9e-08,26200,3445004778.7,12030865,9725.97649050015,10344.365180100081,analysis\benchmarks\runs_myopic\sweep_c0_d110_2030__cost_optimal\outputs\capacity_expansion.nc,analysis\benchmarks\records\sweep_c0_d110_2030.json
sweep_c0_d110,sweep_c0_d110_2040,0,d110,1.1,2040,traces_d110,1.1,1 6 10 14 19 22 26 32 35 39 41 45 50,suppressed,30,"{""solver"": ""pdlp"", ""pdlp_optimality_tolerance"": 0.003, ""primal_feasibility_tolerance"": 0.003, ""dual_feasibility_tolerance"": 0.003}",Unknown,0.00274,0.00016,3.65e-06,30760,15614838294.0,12629299,11422.9625866001,11997.237157299882,analysis\benchmarks\runs_myopic\sweep_c0_d110_2040__cost_optimal\outputs\capacity_expansion.nc,analysis\benchmarks\records\sweep_c0_d110_2040.json
sweep_c0_d110,sweep_c0_d110_2050,0,d110,1.1,2050,traces_d110,1.1,1 6 10 14 19 22 26 32 35 39 41 45 50,suppressed,30,"{""solver"": ""pdlp"", ""pdlp_optimality_tolerance"": 0.003, ""primal_feasibility_tolerance"": 0.003, ""dual_feasibility_tolerance"": 0.003}",Unknown,0.003,0.00115,1.96e-06,34160,12031000809.0,12646735,12384.847695700126,12961.094984400086,analysis\benchmarks\runs_myopic\sweep_c0_d110_2050__cost_optimal\outputs\capacity_expansion.nc,analysis\benchmarks\records\sweep_c0_d110_2050.json
sweep_c0_d123,sweep_c0_d123_2030,0,d123,1.234752,2030,traces_d123,1.234752,1 6 10 14 19 22 26 32 35 39 41 45 50,suppressed,30,"{""solver"": ""pdlp"", ""pdlp_optimality_tolerance"": 0.003, ""primal_feasibility_tolerance"": 0.003, ""dual_feasibility_tolerance"": 0.003}",Unknown,0.00298,0.000167,9.39e-08,34880,5432727780.9,12030865,12487.359482999891,13071.504879399901,analysis\benchmarks\runs_myopic\sweep_c0_d123_2030__cost_optimal\outputs\capacity_expansion.nc,analysis\benchmarks\records\sweep_c0_d123_2030.json
sweep_c0_d123,sweep_c0_d123_2040,0,d123,1.234752,2040,traces_d123,1.234752,1 6 10 14 19 22 26 32 35 39 41 45 50,suppressed,30,"{""solver"": ""pdlp"", ""pdlp_optimality_tolerance"": 0.003, ""primal_feasibility_tolerance"": 0.003, ""dual_feasibility_tolerance"": 0.003}",Unknown,0.003,0.00074,2.22e-06,18680,19441132821.0,12760339,7177.28499220009,7768.190108799841,analysis\benchmarks\runs_myopic\sweep_c0_d123_2040__cost_optimal\outputs\capacity_expansion.nc,analysis\benchmarks\records\sweep_c0_d123_2040.json
sweep_c0_d123,sweep_c0_d123_2050,0,d123,1.234752,2050,traces_d123,1.234752,1 6 10 14 19 22 26 32 35 39 41 45 50,suppressed,30,"{""solver"": ""pdlp"", ""pdlp_optimality_tolerance"": 0.003, ""primal_feasibility_tolerance"": 0.003, ""dual_feasibility_tolerance"": 0.003}",Unknown,0.00297,0.00158,2.59e-06,24640,14183613798.0,12860767,9194.035124600166,9798.557141399942,analysis\benchmarks\runs_myopic\sweep_c0_d123_2050__cost_optimal\outputs\capacity_expansion.nc,analysis\benchmarks\records\sweep_c0_d123_2050.json
sweep_c150_d087,sweep_c150_d087_2030,150,d087,0.869546,2030,traces_d087,0.869546,1 6 10 14 19 22 26 32 35 39 41 45 50,suppressed,30,"{""solver"": ""pdlp"", ""pdlp_optimality_tolerance"": 0.003, ""primal_feasibility_tolerance"": 0.003, ""dual_feasibility_tolerance"": 0.003}",Unknown,0.00297,0.000655,3.88e-07,36560,5610686158.0,12030865,13446.109865899896,14038.601226400118,analysis\benchmarks\runs_myopic\sweep_c150_d087_2030__cost_optimal\outputs\capacity_expansion.nc,analysis\benchmarks\records\sweep_c150_d087_2030.json
sweep_c150_d087,sweep_c150_d087_2040,150,d087,0.869546,2040,traces_d087,0.869546,1 6 10 14 19 22 26 32 35 39 41 45 50,suppressed,30,"{""solver"": ""pdlp"", ""pdlp_optimality_tolerance"": 0.003, ""primal_feasibility_tolerance"": 0.003, ""dual_feasibility_tolerance"": 0.003}",Unknown,0.00268,0.00133,5.9e-07,22920,9466818649.6,12926323,9144.607021400006,9734.392383400118,analysis\benchmarks\runs_myopic\sweep_c150_d087_2040__cost_optimal\outputs\capacity_expansion.nc,analysis\benchmarks\records\sweep_c150_d087_2040.json
sweep_c150_d087,sweep_c150_d087_2050,150,d087,0.869546,2050,traces_d087,0.869546,1 6 10 14 19 22 26 32 35 39 41 45 50,suppressed,30,"{""solver"": ""pdlp"", ""pdlp_optimality_tolerance"": 0.003, ""primal_feasibility_tolerance"": 0.003, ""dual_feasibility_tolerance"": 0.003}",Unknown,0.00286,7.65e-05,7.63e-06,35800,6838555085.4,13245151,13758.462177000009,14383.31307020015,analysis\benchmarks\runs_myopic\sweep_c150_d087_2050__cost_optimal\outputs\capacity_expansion.nc,analysis\benchmarks\records\sweep_c150_d087_2050.json
sweep_c150_d100,sweep_c150_d100_2030,150,d100,1.0,2030,traces_d100,1.0,1 6 10 14 19 22 26 32 35 39 41 45 50,suppressed,30,"{""solver"": ""pdlp"", ""pdlp_optimality_tolerance"": 0.003, ""primal_feasibility_tolerance"": 0.003, ""dual_feasibility_tolerance"": 0.003}",Unknown,0.003,0.000159,1.84e-07,27760,8711313616.1,12030865,10354.996139099821,10949.11645089998,analysis\benchmarks\runs_myopic\sweep_c150_d100_2030__cost_optimal\outputs\capacity_expansion.nc,analysis\benchmarks\records\sweep_c150_d100_2030.json
sweep_c150_d100,sweep_c150_d100_2040,150,d100,1.0,2040,traces_d100,1.0,1 6 10 14 19 22 26 32 35 39 41 45 50,suppressed,30,"{""solver"": ""pdlp"", ""pdlp_optimality_tolerance"": 0.003, ""primal_feasibility_tolerance"": 0.003, ""dual_feasibility_tolerance"": 0.003}",Unknown,0.00224,0.00113,1.29e-06,37120,12262616647.0,13380595,15039.261372900102,15638.58604110009,analysis\benchmarks\runs_myopic\sweep_c150_d100_2040__cost_optimal\outputs\capacity_expansion.nc,analysis\benchmarks\records\sweep_c150_d100_2040.json
sweep_c150_d100,sweep_c150_d100_2050,150,d100,1.0,2050,traces_d100,1.0,1 6 10 14 19 22 26 32 35 39 41 45 50,suppressed,30,"{""solver"": ""pdlp"", ""pdlp_optimality_tolerance"": 0.003, ""primal_feasibility_tolerance"": 0.003, ""dual_feasibility_tolerance"": 0.003}",Unknown,0.00294,0.000565,1.21e-05,24880,9324398330.2,13170895,10100.438843799988,10690.353833199944,analysis\benchmarks\runs_myopic\sweep_c150_d100_2050__cost_optimal\outputs\capacity_expansion.nc,analysis\benchmarks\records\sweep_c150_d100_2050.json
sweep_c150_d110,sweep_c150_d110_2030,150,d110,1.1,2030,traces_d110,1.1,1 6 10 14 19 22 26 32 35 39 41 45 50,suppressed,30,"{""solver"": ""pdlp"", ""pdlp_optimality_tolerance"": 0.003, ""primal_feasibility_tolerance"": 0.003, ""dual_feasibility_tolerance"": 0.003}",Unknown,0.00283,0.00053,6.1e-07,17640,11204203583.0,12030865,6493.359129900113,7090.182151500136,analysis\benchmarks\runs_myopic\sweep_c150_d110_2030__cost_optimal\outputs\capacity_expansion.nc,analysis\benchmarks\records\sweep_c150_d110_2030.json
sweep_c150_d110,sweep_c150_d110_2040,150,d110,1.1,2040,traces_d110,1.1,1 6 10 14 19 22 26 32 35 39 41 45 50,suppressed,30,"{""solver"": ""pdlp"", ""pdlp_optimality_tolerance"": 0.003, ""primal_feasibility_tolerance"": 0.003, ""dual_feasibility_tolerance"": 0.003}",Unknown,0.00289,0.000478,2.12e-06,23960,14724542745.0,13328179,9812.31243359996,10410.93461919995,analysis\benchmarks\runs_myopic\sweep_c150_d110_2040__cost_optimal\outputs\capacity_expansion.nc,analysis\benchmarks\records\sweep_c150_d110_2040.json
sweep_c150_d110,sweep_c150_d110_2050,150,d110,1.1,2050,traces_d110,1.1,1 6 10 14 19 22 26 32 35 39 41 45 50,suppressed,30,"{""solver"": ""pdlp"", ""pdlp_optimality_tolerance"": 0.003, ""primal_feasibility_tolerance"": 0.003, ""dual_feasibility_tolerance"": 0.003}",Unknown,0.00298,0.000685,7.69e-06,21320,11371022661.0,13018015,8329.611530499998,8912.735802900046,analysis\benchmarks\runs_myopic\sweep_c150_d110_2050__cost_optimal\outputs\capacity_expansion.nc,analysis\benchmarks\records\sweep_c150_d110_2050.json
sweep_c150_d123,sweep_c150_d123_2030,150,d123,1.234752,2030,traces_d123,1.234752,1 6 10 14 19 22 26 32 35 39 41 45 50,suppressed,30,"{""solver"": ""pdlp"", ""pdlp_optimality_tolerance"": 0.003, ""primal_feasibility_tolerance"": 0.003, ""dual_feasibility_tolerance"": 0.003}",Unknown,0.00292,0.000538,3.33e-07,17840,14835343984.0,12030865,6668.722150000045,7231.893750200048,analysis\benchmarks\runs_myopic\sweep_c150_d123_2030__cost_optimal\outputs\capacity_expansion.nc,analysis\benchmarks\records\sweep_c150_d123_2030.json
sweep_c150_d123,sweep_c150_d123_2040,150,d123,1.234752,2040,traces_d123,1.234752,1 6 10 14 19 22 26 32 35 39 41 45 50,suppressed,30,"{""solver"": ""pdlp"", ""pdlp_optimality_tolerance"": 0.003, ""primal_feasibility_tolerance"": 0.003, ""dual_feasibility_tolerance"": 0.003}",Unknown,0.00299,0.000295,1.53e-06,24480,18526349115.0,13350019,9973.051110600121,10569.028156300075,analysis\benchmarks\runs_myopic\sweep_c150_d123_2040__cost_optimal\outputs\capacity_expansion.nc,analysis\benchmarks\records\sweep_c150_d123_2040.json
sweep_c150_d123,sweep_c150_d123_2050,150,d123,1.234752,2050,traces_d123,1.234752,1 6 10 14 19 22 26 32 35 39 41 45 50,suppressed,30,"{""solver"": ""pdlp"", ""pdlp_optimality_tolerance"": 0.003, ""primal_feasibility_tolerance"": 0.003, ""dual_feasibility_tolerance"": 0.003}",Unknown,0.00295,0.000814,3.29e-06,16360,15122635933.0,13170895,6543.220254200045,7118.298843499972,analysis\benchmarks\runs_myopic\sweep_c150_d123_2050__cost_optimal\outputs\capacity_expansion.nc,analysis\benchmarks\records\sweep_c150_d123_2050.json
sweep_c300_d087,sweep_c300_d087_2030,300,d087,0.869546,2030,traces_d087,0.869546,1 6 10 14 19 22 26 32 35 39 41 45 50,suppressed,30,"{""solver"": ""pdlp"", ""pdlp_optimality_tolerance"": 0.003, ""primal_feasibility_tolerance"": 0.003, ""dual_feasibility_tolerance"": 0.003}",Unknown,0.00275,0.00124,9.34e-07,23920,6694233418.3,12030865,8636.552940900205,9248.32690580003,analysis\benchmarks\runs_myopic\sweep_c300_d087_2030__cost_optimal\outputs\capacity_expansion.nc,analysis\benchmarks\records\sweep_c300_d087_2030.json
sweep_c300_d087,sweep_c300_d087_2040,300,d087,0.869546,2040,traces_d087,0.869546,1 6 10 14 19 22 26 32 35 39 41 45 50,suppressed,30,"{""solver"": ""pdlp"", ""pdlp_optimality_tolerance"": 0.003, ""primal_feasibility_tolerance"": 0.003, ""dual_feasibility_tolerance"": 0.003}",Unknown,0.0029,0.000708,2.02e-06,21960,9991666070.4,13367491,9061.148424699903,9660.60692720022,analysis\benchmarks\runs_myopic\sweep_c300_d087_2040__cost_optimal\outputs\capacity_expansion.nc,analysis\benchmarks\records\sweep_c300_d087_2040.json
sweep_c300_d087,sweep_c300_d087_2050,300,d087,0.869546,2050,traces_d087,0.869546,1 6 10 14 19 22 26 32 35 39 41 45 50,suppressed,30,"{""solver"": ""pdlp"", ""pdlp_optimality_tolerance"": 0.003, ""primal_feasibility_tolerance"": 0.003, ""dual_feasibility_tolerance"": 0.003}",Unknown,0.003,8.73e-05,2.69e-06,39000,6535946827.8,13524703,15262.01564460015,15877.57638779981,analysis\benchmarks\runs_myopic\sweep_c300_d087_2050__cost_optimal\outputs\capacity_expansion.nc,analysis\benchmarks\records\sweep_c300_d087_2050.json
sweep_c300_d100,sweep_c300_d100_2030,300,d100,1.0,2030,traces_d100,1.0,1 6 10 14 19 22 26 32 35 39 41 45 50,suppressed,30,"{""solver"": ""pdlp"", ""pdlp_optimality_tolerance"": 0.003, ""primal_feasibility_tolerance"": 0.003, ""dual_feasibility_tolerance"": 0.003}",Unknown,0.00286,0.00147,5.26e-07,25480,10288801480.0,12030865,9326.30565460003,9894.822166899918,analysis\benchmarks\runs_myopic\sweep_c300_d100_2030__cost_optimal\outputs\capacity_expansion.nc,analysis\benchmarks\records\sweep_c300_d100_2030.json
sweep_c300_d100,sweep_c300_d100_2040,300,d100,1.0,2040,traces_d100,1.0,1 6 10 14 19 22 26 32 35 39 41 45 50,suppressed,30,"{""solver"": ""pdlp"", ""pdlp_optimality_tolerance"": 0.003, ""primal_feasibility_tolerance"": 0.003, ""dual_feasibility_tolerance"": 0.003}",Unknown,0.00264,0.000735,3.03e-06,20680,12696271753.0,13664515,8299.709037799854,8885.357988800388,analysis\benchmarks\runs_myopic\sweep_c300_d100_2040__cost_optimal\outputs\capacity_expansion.nc,analysis\benchmarks\records\sweep_c300_d100_2040.json
sweep_c300_d100,sweep_c300_d100_2050,300,d100,1.0,2050,traces_d100,1.0,1 6 10 14 19 22 26 32 35 39 41 45 50,suppressed,30,"{""solver"": ""pdlp"", ""pdlp_optimality_tolerance"": 0.003, ""primal_feasibility_tolerance"": 0.003, ""dual_feasibility_tolerance"": 0.003}",Unknown,0.003,6.44e-05,4.41e-06,28280,9105128638.7,13476655,11199.346180099994,11800.22309650015,analysis\benchmarks\runs_myopic\sweep_c300_d100_2050__cost_optimal\outputs\capacity_expansion.nc,analysis\benchmarks\records\sweep_c300_d100_2050.json
sweep_c300_d110,sweep_c300_d110_2030,300,d110,1.1,2030,traces_d110,1.1,1 6 10 14 19 22 26 32 35 39 41 45 50,suppressed,30,"{""solver"": ""pdlp"", ""pdlp_optimality_tolerance"": 0.003, ""primal_feasibility_tolerance"": 0.003, ""dual_feasibility_tolerance"": 0.003}",Unknown,0.00279,0.000975,1.06e-06,18480,13232995135.0,12030865,6973.387137399986,7569.509796800092,analysis\benchmarks\runs_myopic\sweep_c300_d110_2030__cost_optimal\outputs\capacity_expansion.nc,analysis\benchmarks\records\sweep_c300_d110_2030.json
sweep_c300_d110,sweep_c300_d110_2040,300,d110,1.1,2040,traces_d110,1.1,1 6 10 14 19 22 26 32 35 39 41 45 50,suppressed,30,"{""solver"": ""pdlp"", ""pdlp_optimality_tolerance"": 0.003, ""primal_feasibility_tolerance"": 0.003, ""dual_feasibility_tolerance"": 0.003}",Unknown,0.00294,0.00108,2.76e-06,19680,15147410372.0,13760611,8324.364731600042,8943.3840292003,analysis\benchmarks\runs_myopic\sweep_c300_d110_2040__cost_optimal\outputs\capacity_expansion.nc,analysis\benchmarks\records\sweep_c300_d110_2040.json
sweep_c300_d110,sweep_c300_d110_2050,300,d110,1.1,2050,traces_d110,1.1,1 6 10 14 19 22 26 32 35 39 41 45 50,suppressed,30,"{""solver"": ""pdlp"", ""pdlp_optimality_tolerance"": 0.003, ""primal_feasibility_tolerance"": 0.003, ""dual_feasibility_tolerance"": 0.003}",Unknown,0.003,4.18e-05,3.52e-06,47000,11042270044.0,13935295,18173.91285350034,18785.293355899863,analysis\benchmarks\runs_myopic\sweep_c300_d110_2050__cost_optimal\outputs\capacity_expansion.nc,analysis\benchmarks\records\sweep_c300_d110_2050.json
sweep_c300_d123,sweep_c300_d123_2030,300,d123,1.234752,2030,traces_d123,1.234752,1 6 10 14 19 22 26 32 35 39 41 45 50,suppressed,30,"{""solver"": ""pdlp"", ""pdlp_optimality_tolerance"": 0.003, ""primal_feasibility_tolerance"": 0.003, ""dual_feasibility_tolerance"": 0.003}",Unknown,0.00297,0.00183,3.58e-06,19800,17507778460.0,12030865,7418.093713200185,7983.014514300041,analysis\benchmarks\runs_myopic\sweep_c300_d123_2030__cost_optimal\outputs\capacity_expansion.nc,analysis\benchmarks\records\sweep_c300_d123_2030.json
sweep_c300_d123,sweep_c300_d123_2040,300,d123,1.234752,2040,traces_d123,1.234752,1 6 10 14 19 22 26 32 35 39 41 45 50,suppressed,30,"{""solver"": ""pdlp"", ""pdlp_optimality_tolerance"": 0.003, ""primal_feasibility_tolerance"": 0.003, ""dual_feasibility_tolerance"": 0.003}",Unknown,0.00279,0.0014,4.72e-06,20000,18871025137.0,13847971,8507.413274500053,9116.567347500008,analysis\benchmarks\runs_myopic\sweep_c300_d123_2040__cost_optimal\outputs\capacity_expansion.nc,analysis\benchmarks\records\sweep_c300_d123_2040.json
sweep_c300_d123,sweep_c300_d123_2050,300,d123,1.234752,2050,traces_d123,1.234752,1 6 10 14 19 22 26 32 35 39 41 45 50,suppressed,30,"{""solver"": ""pdlp"", ""pdlp_optimality_tolerance"": 0.003, ""primal_feasibility_tolerance"": 0.003, ""dual_feasibility_tolerance"": 0.003}",Unknown,0.00299,0.000149,1.74e-06,26240,14428424604.0,13616431,10339.043400700204,10949.22663539974,analysis\benchmarks\runs_myopic\sweep_c300_d123_2050__cost_optimal\outputs\capacity_expansion.nc,analysis\benchmarks\records\sweep_c300_d123_2050.json
sweep_c550_d087,sweep_c550_d087_2030,550,d087,0.869546,2030,traces_d087,0.869546,1 6 10 14 19 22 26 32 35 39 41 45 50,suppressed,30,"{""solver"": ""pdlp"", ""pdlp_optimality_tolerance"": 0.003, ""primal_feasibility_tolerance"": 0.003, ""dual_feasibility_tolerance"": 0.003}",Unknown,0.00295,0.00051,2.01e-06,17680,7764811683.9,12030865,6469.235549000092,7057.964013800025,analysis\benchmarks\runs_myopic\sweep_c550_d087_2030__cost_optimal\outputs\capacity_expansion.nc,analysis\benchmarks\records\sweep_c550_d087_2030.json
sweep_c550_d087,sweep_c550_d087_2040,550,d087,0.869546,2040,traces_d087,0.869546,1 6 10 14 19 22 26 32 35 39 41 45 50,suppressed,30,"{""solver"": ""pdlp"", ""pdlp_optimality_tolerance"": 0.003, ""primal_feasibility_tolerance"": 0.003, ""dual_feasibility_tolerance"": 0.003}",Unknown,0.0029,0.000505,4.28e-06,23640,9986859008.0,13673251,9412.239418700105,10029.485386200016,analysis\benchmarks\runs_myopic\sweep_c550_d087_2040__cost_optimal\outputs\capacity_expansion.nc,analysis\benchmarks\records\sweep_c550_d087_2040.json
sweep_c550_d087,sweep_c550_d087_2050,550,d087,0.869546,2050,traces_d087,0.869546,1 6 10 14 19 22 26 32 35 39 41 45 50,suppressed,30,"{""solver"": ""pdlp"", ""pdlp_optimality_tolerance"": 0.003, ""primal_feasibility_tolerance"": 0.003, ""dual_feasibility_tolerance"": 0.003}",Unknown,0.00283,4.64e-05,2.83e-06,37840,6867086245.0,12769039,13853.226671400014,14461.259500500048,analysis\benchmarks\runs_myopic\sweep_c550_d087_2050__cost_optimal\outputs\capacity_expansion.nc,analysis\benchmarks\records\sweep_c550_d087_2050.json
sweep_c550_d100,sweep_c550_d100_2030,550,d100,1.0,2030,traces_d100,1.0,1 6 10 14 19 22 26 32 35 39 41 45 50,suppressed,30,"{""solver"": ""pdlp"", ""pdlp_optimality_tolerance"": 0.003, ""primal_feasibility_tolerance"": 0.003, ""dual_feasibility_tolerance"": 0.003}",Unknown,0.00293,0.000781,1.01e-06,24480,11766117875.0,12030865,8987.851759099867,9580.636224200018,analysis\benchmarks\runs_myopic\sweep_c550_d100_2030__cost_optimal\outputs\capacity_expansion.nc,analysis\benchmarks\records\sweep_c550_d100_2030.json
sweep_c550_d100,sweep_c550_d100_2040,550,d100,1.0,2040,traces_d100,1.0,1 6 10 14 19 22 26 32 35 39 41 45 50,suppressed,30,"{""solver"": ""pdlp"", ""pdlp_optimality_tolerance"": 0.003, ""primal_feasibility_tolerance"": 0.003, ""dual_feasibility_tolerance"": 0.003}",Unknown,0.00281,0.000443,1.92e-06,20960,13263721301.0,13799923,8458.87282119994,9051.343366599875,analysis\benchmarks\runs_myopic\sweep_c550_d100_2040__cost_optimal\outputs\capacity_expansion.nc,analysis\benchmarks\records\sweep_c550_d100_2040.json
sweep_c550_d100,sweep_c550_d100_2050,550,d100,1.0,2050,traces_d100,1.0,1 6 10 14 19 22 26 32 35 39 41 45 50,suppressed,30,"{""solver"": ""pdlp"", ""pdlp_optimality_tolerance"": 0.003, ""primal_feasibility_tolerance"": 0.003, ""dual_feasibility_tolerance"": 0.003}",Unknown,0.00299,4.55e-05,7.24e-06,35520,9438575745.3,13066063,13150.448054100154,13775.225977400085,analysis\benchmarks\runs_myopic\sweep_c550_d100_2050__cost_optimal\outputs\capacity_expansion.nc,analysis\benchmarks\records\sweep_c550_d100_2050.json
sweep_c550_d110,sweep_c550_d110_2030,550,d110,1.1,2030,traces_d110,1.1,1 6 10 14 19 22 26 32 35 39 41 45 50,suppressed,30,"{""solver"": ""pdlp"", ""pdlp_optimality_tolerance"": 0.003, ""primal_feasibility_tolerance"": 0.003, ""dual_feasibility_tolerance"": 0.003}",Unknown,0.00284,0.000708,4.14e-06,25080,15000852264.0,12030865,9570.133441799786,10167.000215300126,analysis\benchmarks\runs_myopic\sweep_c550_d110_2030__cost_optimal\outputs\capacity_expansion.nc,analysis\benchmarks\records\sweep_c550_d110_2030.json
sweep_c550_d110,sweep_c550_d110_2040,550,d110,1.1,2040,traces_d110,1.1,1 6 10 14 19 22 26 32 35 39 41 45 50,suppressed,30,"{""solver"": ""pdlp"", ""pdlp_optimality_tolerance"": 0.003, ""primal_feasibility_tolerance"": 0.003, ""dual_feasibility_tolerance"": 0.003}",Unknown,0.00297,0.000567,1.29e-06,20760,15509051026.0,13913491,8878.923505099956,9464.122952700127,analysis\benchmarks\runs_myopic\sweep_c550_d110_2040__cost_optimal\outputs\capacity_expansion.nc,analysis\benchmarks\records\sweep_c550_d110_2040.json
sweep_c550_d110,sweep_c550_d110_2050,550,d110,1.1,2050,traces_d110,1.1,1 6 10 14 19 22 26 32 35 39 41 45 50,suppressed,30,"{""solver"": ""pdlp"", ""pdlp_optimality_tolerance"": 0.003, ""primal_feasibility_tolerance"": 0.003, ""dual_feasibility_tolerance"": 0.003}",Unknown,0.003,4.04e-05,5.78e-06,37760,11246545904.0,13170895,13790.262382899877,14390.865624899976,analysis\benchmarks\runs_myopic\sweep_c550_d110_2050__cost_optimal\outputs\capacity_expansion.nc,analysis\benchmarks\records\sweep_c550_d110_2050.json
sweep_c550_d123,sweep_c550_d123_2030,550,d123,1.234752,2030,traces_d123,1.234752,1 6 10 14 19 22 26 32 35 39 41 45 50,suppressed,30,"{""solver"": ""pdlp"", ""pdlp_optimality_tolerance"": 0.003, ""primal_feasibility_tolerance"": 0.003, ""dual_feasibility_tolerance"": 0.003}",Unknown,0.00299,0.000442,8.24e-06,20080,19721043302.0,12030865,7942.068966299994,8527.913470400032,analysis\benchmarks\runs_myopic\sweep_c550_d123_2030__cost_optimal\outputs\capacity_expansion.nc,analysis\benchmarks\records\sweep_c550_d123_2030.json
sweep_c550_d123,sweep_c550_d123_2040,550,d123,1.234752,2040,traces_d123,1.234752,1 6 10 14 19 22 26 32 35 39 41 45 50,suppressed,30,"{""solver"": ""pdlp"", ""pdlp_optimality_tolerance"": 0.003, ""primal_feasibility_tolerance"": 0.003, ""dual_feasibility_tolerance"": 0.003}",Unknown,0.0029,0.000964,2.15e-06,17920,19085727670.0,13852339,7311.151927800151,7902.539588300046,analysis\benchmarks\runs_myopic\sweep_c550_d123_2040__cost_optimal\outputs\capacity_expansion.nc,analysis\benchmarks\records\sweep_c550_d123_2040.json
sweep_c550_d123,sweep_c550_d123_2050,550,d123,1.234752,2050,traces_d123,1.234752,1 6 10 14 19 22 26 32 35 39 41 45 50,suppressed,30,"{""solver"": ""pdlp"", ""pdlp_optimality_tolerance"": 0.003, ""primal_feasibility_tolerance"": 0.003, ""dual_feasibility_tolerance"": 0.003}",Unknown,0.00299,0.000562,1.02e-05,25760,14181383849.0,13515967,9834.44792299997,10434.759447300108,analysis\benchmarks\runs_myopic\sweep_c550_d123_2050__cost_optimal\outputs\capacity_expansion.nc,analysis\benchmarks\records\sweep_c550_d123_2050.json
