sweep_id,carbon_price_aud_per_tco2e,tns_price_aud_per_tco2,year,cost_per_mwh_excl_fuel_carbon,co2_t_per_mwh,co2e_total_t_per_mwh,gj_per_mwh_coal,gj_per_mwh_natural_gas,gj_per_mwh_biomass,annual_generation_twh,solve_gap_rel,solve_pinf_rel,solve_dinf_rel,solve_iterations,solve_wall_s,solve_model_status,tolerance_robust,carried_capex_aud_per_yr,carried_vintages,carried_gw,existing_fleet_fom_aud_per_yr,existing_fleet_active_gw,renewable_share_pct_bulk_grid,diagnostic_cost_per_mwh_year_t_incremental,diagnostic_bundled_cost_per_mwh,diagnostic_fuel_cost_per_mwh,diagnostic_carbon_cost_per_mwh,cell,carbon_price,demand_level,demand_scalar,avg_cost_aud_per_mwh,delivered_twh,total_cost_aud_per_yr,co2e_total_kt_per_yr,gj_per_mwh_diesel,total_twh,twh_Biomass,share_Biomass,twh_Black Coal,share_Black Coal,twh_Brown Coal,share_Brown Coal,twh_Gas,share_Gas,twh_Liquid Fuel,share_Liquid Fuel,twh_Solar,share_Solar,twh_Unserved Energy,share_Unserved Energy,twh_Water,share_Water,twh_Wind,share_Wind,renewable_fraction_pct,use_mwh,gw_Biomass,gw_Black Coal,gw_Brown Coal,gw_Gas,gw_Solar,gw_Unserved Energy,gw_Water,gw_Wind,gw_Liquid Fuel
sweep_c0_d087,0.0,89.93,2030,31.400247686785555,0.318201559922512,0.3191985431181777,3.442524437639701,0.0620237674647676,0.0245383920730267,164.2927979538681,0.00211,0.00185,1.28e-07,21040,7921.439174099825,Unknown,True,0.0,0,0.0,2780588973.5327454,75.2711544355918,68.75415735630898,14.475653254389869,28.596539610021825,14.120886355631953,0.0,sweep_c0_d087,0,d087,0.869546,45.52113404241751,164.2927979538681,7478794477.861847,52442.021751683824,,168.13851579861864,0.22990974908188463,0.13673830055526962,32.8090621987875,19.51311514970388,18.11775794151506,10.775495344097658,1.6094759295714183,0.9572321498895026,0.0,0.0,42.83101540027929,25.47364903088503,0.0,0.0,12.994155090140218,7.728244197006866,59.54713948924328,35.4155258278618,68.75415735630897,0.0,0.032,7.0622117818688706,3.37,1.947406106929991,19.07050273279741,1500.0,4.447335427716521,18.6705,0.0
sweep_c0_d087,0.0,89.93,2040,52.78301586164039,0.205705499255972,0.206321869142841,1.7482832230054366,0.905187528011265,0.0206622010380828,206.68520068832512,0.00229,0.000243,8.31e-06,31640,12178.096865799977,Unknown,True,120176077.0000888,1,2.645,2647806345.042129,68.8058382628887,72.91296274056903,39.39075355730516,56.89560805150428,17.504854494199122,0.0,sweep_c0_d087,0,d087,0.869546,70.28787035583952,206.68520068832512,14527462590.45167,42643.67693017845,,213.9917831595909,0.24354472303529534,0.11381031525573317,25.68915562746396,12.004739269967898,7.9428227622283885,3.711741939317729,24.33205564686678,11.370556050145348,0.0,0.0,64.89694971856093,30.326841881663302,0.0,0.0,12.76941324953494,5.967244658180058,78.1178414319006,36.505065885469925,72.91296274056901,0.0,0.032,3.9,1.16,10.111508668993332,28.82162437431569,1500.0,4.447335427716521,27.069464073577723,0.0
sweep_c0_d087,0.0,89.93,2050,66.71695609468229,0.0883516000436397,0.0885814968294503,0.4640569669468971,0.9063558163853592,0.0003874465413852,219.0719307281744,0.00299,0.00217,6.56e-07,33120,12572.534486099845,Unknown,True,5502929886.689012,2,32.81185461089437,2134814432.9195683,57.249045584237024,84.02098719490837,31.852862396227,45.02573760618012,13.172875209953128,0.0,sweep_c0_d087,0,d087,0.869546,79.88983130463542,219.0719307281744,17501619589.454628,19405.71953721934,,227.42142629416156,0.004840511815339003,0.0021284326170208662,10.328153413811327,4.541416163863218,0.0,0.0,26.01154541525474,11.437596641228398,0.0,0.0,70.98474058850132,31.21286404064896,0.0,0.0,9.854638328476618,4.333205753326863,110.23750803630223,48.47278896831555,84.02098719490839,0.0,0.0,1.696,0.0,11.813437292777742,34.5975041760038,1500.0,4.447335427716523,32.93414726573655,0.0
sweep_c0_d100,0.0,89.93,2030,31.094264093407677,0.3941903227094847,0.395397611524868,4.266634067531284,0.0869085090487178,0.0228421291081177,188.9408932406889,0.00299,0.000124,2.18e-08,25640,9265.67985319998,Unknown,True,0.0,0,0.0,3134273841.748459,79.94952608095956,60.76027627893612,14.505616776303295,32.134423320600895,17.6288065442976,0.0,sweep_c0_d100,0,d100,1.0,48.72307063770528,188.9408932406889,9205780487.717216,74706.77790674347,1.1113612163783366e-06,192.82580284998812,0.24612476044114562,0.1276409882927454,50.25919392788629,26.064558365659302,22.9922078848316,11.923823235793165,2.4128879590931094,1.2513304357769244,2.2529447662002706e-05,1.1683834491553937e-05,43.820091885252516,22.725222059281684,0.0,0.0,12.989383760341179,6.7363307028191,60.10589014269462,31.171082528542588,60.76027627893612,0.0,0.032,9.536132386461484,3.37,2.456,19.32685898184835,1500.0,5.776526866665004,18.782351601190225,0.0
sweep_c0_d100,0.0,89.93,2040,57.91760521255613,0.1811745386231134,0.1817166373260412,1.390109099168474,1.0571864629269314,0.0175510741305623,237.69323381204117,0.00295,0.000596,3.28e-06,19080,7307.30537889991,Unknown,True,120176077.0000888,1,2.645,2775422817.779361,70.11594990181469,74.15500773270472,45.73552140503311,64.0450436430674,18.309522238034283,0.0,sweep_c0_d100,0,d100,1.0,76.22712745059042,237.69323381204117,18118672427.93345,43192.8151634766,,245.91537251034813,0.2379103194450667,0.0967447935509015,21.689293672309923,8.819820188913662,8.596361536426512,3.4956584652164344,33.27115380065343,13.529513613165186,0.0,0.0,78.41422142908363,31.886669234467625,0.0,0.0,12.774287320892098,5.194586735465085,90.9321444315375,36.977006969221115,74.15500773270472,0.0,0.032,3.4085611664826456,1.16,11.912930587132008,35.024871124210215,1500.0,5.776526866665004,31.10744231340484,0.0
sweep_c0_d100,0.0,89.93,2050,70.0378890823699,0.0951025028894484,0.0954040311756109,0.4039771326552706,1.1428973339481163,0.0311100202848921,251.9382881735692,0.00295,0.00116,9.24e-07,26640,10382.76918399986,Unknown,True,8094313688.318074,2,47.12222001365117,2286589566.422064,58.86714348512391,81.36211402271003,28.83373813732432,44.87248684330055,16.038748705976232,0.0,sweep_c0_d100,0,d100,1.0,86.07663778834613,251.9382881735692,21686000776.132286,24035.928299241237,,260.9590487889511,0.4469791123937524,0.17128323944621815,10.34053175806129,3.9625112852185964,0.0,0.0,38.29671820264389,14.67537469207136,0.0,0.0,77.83189170248227,29.82532779134564,0.0,0.0,9.845090734780394,3.7726573500589917,124.19783727858953,47.59284564185919,81.36211402271005,0.0,0.05677802199629977,1.696,0.0,14.249502241125551,38.441925365397964,1500.0,5.776526866665003,36.97385666266714,0.0
sweep_c0_d110,0.0,89.93,2030,30.750085635834985,0.4312732405758729,0.4325710397137297,4.635997001511022,0.1662397838184037,0.0211611374035542,207.83498256475784,0.00298,6.49e-05,7.9e-08,26200,9725.97649050015,Unknown,True,0.0,0,0.0,3315251102.835461,84.38943733321834,56.158749789334,14.79872334867774,34.89909575799689,20.10037240931915,0.0,sweep_c0_d110,0,d110,1.1,50.850458045154134,207.83498256475784,10568504061.22456,89903.39449692218,1.1919368571508449e-06,211.68303189227373,0.2508132159837545,0.11848527193780664,64.29549234276371,30.37347479767954,24.240010667233165,11.451088190936813,4.268959288292386,2.016675238507012,2.53671264028471e-05,1.1983542646798692e-05,44.24950801182061,20.903663187486536,0.0,0.0,12.989397030683627,6.136248576264713,61.3888259683701,29.000352753644936,56.158749789333996,0.0,0.032,11.492338753450042,3.37,4.387534029281569,19.51818377880691,1500.0,5.40776456068626,19.5122,0.0
sweep_c0_d110,0.0,89.93,2040,57.446375233724176,0.192497642365588,0.1930614883979524,1.3847359680753402,1.28977544431706,0.0154401466025839,261.4625571932453,0.00274,0.00016,3.65e-06,30760,11422.9625866001,Unknown,True,127241392.72642396,1,2.690413233551599,2857268481.047128,73.0906864356258,70.96489523498761,46.03170115644236,67.34824544533731,21.316544288894956,0.0,sweep_c0_d110,0,d110,1.1,78.76291952261913,261.4625571932453,20593554350.38978,50478.35045206269,,270.3640131224133,0.23022563755873468,0.085153950372269,24.804229170868357,9.174382671867535,8.640731261203547,3.1959620518324168,45.055514024912654,16.664760041312437,0.0,0.0,84.08188930914142,31.09951222357077,0.0,0.0,12.76922063124168,4.722973477043386,94.78220308748695,35.05725558400118,70.96489523498761,0.0,0.032,3.9,1.16,14.4888966075025,37.32500488714606,1500.0,5.407764560686259,32.817092502966,0.0
sweep_c0_d110,0.0,89.93,2050,70.98572628844136,0.0990074780016934,0.0994557682114253,0.3473408127159738,1.3180402579160275,0.1075468642791781,277.13211699092614,0.003,0.00115,1.96e-06,34160,12384.847695700126,Unknown,True,9068397197.93605,2,52.00397085637679,2312720633.4953947,60.66148543959861,79.60285366462672,29.91824571272705,48.074796011438885,18.15655029871183,0.0,sweep_c0_d110,0,d110,1.1,89.14227658715319,277.13211699092614,24704187823.988434,27562.387591391147,,287.1439624487107,1.6997199502162126,0.5919399926508344,9.781613151526283,3.4065188305233693,0.0,0.0,48.78756106232652,16.990627504849904,0.0,0.0,85.52408341254781,29.784392011315237,0.0,0.0,9.844884941749813,3.42855369752317,131.50609993034408,45.797967963137495,79.60285366462674,0.0,0.21782753435001298,1.6959999999999973,0.0,16.34481856017741,42.16402693084325,1500.0,5.4077645606862585,39.300819267838754,0.0
sweep_c0_d123,0.0,89.93,2030,31.136040588360608,0.4524111495422374,0.4537535695383831,4.754304971453951,0.3762583202165164,0.0190602814789096,233.29514581072715,0.00298,0.000167,9.39e-08,34880,12487.359482999893,Unknown,True,0.0,0,0.0,3470773312.5419617,87.58683489197952,52.50152868353314,16.25886300937314,39.59383311073304,23.3349701013599,0.0,sweep_c0_d123,0,d123,1.234752,54.47101068972051,233.29514581072715,12707822381.316025,105858.505167595,0.0002569027017388,237.54980827154466,0.2535874594339095,0.10675127935444682,77.03271186407734,32.42802527376523,25.603085490456603,10.777986173404761,10.190716191280746,4.289928190399411,0.006013998366963291,0.002531678897458276,45.24983177624484,19.048565900974953,0.0,0.0,12.984082974766809,5.465836015293527,66.22977851691743,27.880375487910207,52.50152868353314,0.0,0.032,11.915,3.37,7.094670964961014,19.93624285298683,1500.0,5.4855568391510925,20.496405878346728,0.123
sweep_c0_d123,0.0,89.93,2040,61.76594588804663,0.1818482152450126,0.1825386527240928,1.2142405597850214,1.380696056874784,0.1031813045468078,293.4921958358854,0.003,0.00074,2.22e-06,18680,7177.28499220009,Unknown,True,527720422.5165764,1,4.199038381374423,2948887973.517103,74.7536825176182,71.15522671115279,49.92028714358814,71.97373466855575,22.053447524967613,0.0,sweep_c0_d123,0,d123,1.234752,83.81939341301424,293.4921958358854,24600337826.417496,53573.67001291812,0.0021146004162191,303.0862156616199,1.7269920260157599,0.5698022334159389,23.839499420846536,7.865583516824172,8.924942942886387,2.944687841841882,54.58702669318887,18.010395680327626,0.07306272041898698,0.024106249853526076,93.39991824952695,30.81628705734448,0.0,0.0,12.775700910594171,4.2152035461941235,107.75907269814228,35.553933874198265,71.1552267111528,0.0,0.22827881534204617,3.899999999999998,1.160000000000001,17.243495289953632,41.63168490572092,1500.0,5.4855568391510845,36.82004577655824,0.12299999999999979
sweep_c0_d123,0.0,89.93,2050,71.74508132220889,0.1094249915159922,0.1098789052349567,0.3095353904268175,1.583304523449834,0.0961114917272236,311.08130519889096,0.00297,0.00158,2.59e-06,24640,9194.035124600166,Unknown,True,11923479374.845606,2,64.25350358455776,2342258540.8524776,61.55214134136615,76.32432939747821,25.88653027049193,47.3836914248003,21.497161154308365,0.0,sweep_c0_d123,0,d123,1.234752,93.24224247651725,311.08130519889096,29005918489.266457,34181.27325431559,0.0026553820913204,321.95377907264793,1.7050691261682962,0.5296005939360483,9.783087334465764,3.0386620597046132,0.0,0.0,66.34636319408378,20.607418675185954,0.09526569706127785,0.029589867631210947,95.13323103784766,29.54872320861347,0.0,0.0,9.849120842890239,3.059172304564816,139.04164184013092,43.186833290363886,76.32432939747822,0.0,0.21732396660247955,1.696,0.0,19.801934928696745,46.93720208762522,1500.0,5.485556839151084,41.39276759609583,0.12299999999999979
sweep_c150_d087,150.0,89.93,2030,56.99811995956065,0.067722940128053,0.0679461615972433,0.5052861226343104,0.4218737813161988,0.0190235948248355,164.2927979538681,0.00297,0.000655,3.88e-07,36560,13446.109865899896,Unknown,True,0.0,0,0.0,2925207663.573393,77.47340437794445,89.99494132163723,39.19327580324672,56.91662081332474,7.531420770491506,10.191924239586504,sweep_c150_d087,150,d087,0.869546,74.72146496963865,164.2927979538681,12276198547.073875,11163.064999036767,5.614381571797822e-07,168.4652472886905,0.17823946653868422,0.10580192022230206,5.800962879067532,3.443418136636045,1.9380532668060952,1.1504172510339477,9.116020435437052,5.411217198889324,1.026257174279539e-05,6.091803447870131e-06,44.826836959023595,26.608952101679513,0.0,0.0,12.997408363604864,7.7151867063310995,93.60771565564093,55.565000593404314,89.99494132163723,0.0,0.032,3.635252022994775,1.16,5.9797080312604995,21.507853120928363,1500.0,6.885299999999998,30.04706738441902,0.0
sweep_c150_d087,150.0,89.93,2040,73.83662289570782,0.0581086419168424,0.0585391417749221,0.3140683656637553,0.5743492563089535,0.1517319902851979,206.68520068832512,0.00268,0.00133,5.9e-07,22920,9144.607021400006,Unknown,True,3532431634.6549926,1,15.170425669023489,2960287172.227444,73.4329183611476,89.7222947663124,42.423058764073375,59.803253272385845,8.599323242074153,8.780871266238318,sweep_c150_d087,150,d087,0.869546,91.21681740402029,206.68520068832512,18853166211.300243,12099.174265872092,,214.55695289021395,1.78846026526859,0.8335596871492308,4.698281681608982,2.1897596970502433,1.3910577801954815,0.6483396419724827,15.962191714633748,7.4396058946649,0.0,0.0,75.4861861241976,35.1823537328212,0.0,0.0,12.771076717655577,5.952301496465777,102.45969860665396,47.75407984987617,89.72229476631236,0.0,0.25352472408282567,2.083917128487139,1.16,8.277349540935642,36.80307813033497,1500.0,6.885299999999998,35.954384434500426,0.0
sweep_c150_d087,150.0,89.93,2050,80.45473595924568,0.0388866527642119,0.0392326043119749,0.1125099445874085,0.5595596476985323,0.1367821916440776,219.0719307281744,0.00286,7.65e-05,7.63e-06,35800,13758.462177000009,Unknown,True,9112148375.245195,2,47.61239538009276,2349563411.7206845,60.2841388707535,91.92444589110042,28.13533680633626,41.67446606507436,7.654238611941863,5.8848906467962365,sweep_c150_d087,150,d087,0.869546,93.99386521798378,219.0719307281744,20591417529.907505,8594.762374118842,,227.90344914065537,1.7088701125421266,0.7498219614427432,2.516398676198909,1.1041512033658873,0.0,0.0,15.888067675203112,6.971402905533676,0.0,0.0,76.19434795985332,33.432731381273825,0.0,0.0,9.83426177541344,4.31510001822922,121.76150294144446,53.42679253015466,91.92444589110045,0.0,0.30476855397427066,0.852,0.0,9.563694028065624,39.238739220909714,1500.0,6.885299999999996,38.301451760192755,0.0
sweep_c150_d100,150.0,89.93,2030,60.47046894788851,0.0809394675414461,0.0811918332575481,0.6006282228898845,0.5114762763341567,0.0156473509509746,188.9408932406889,0.003,0.000159,1.84e-07,27760,10354.99613909982,Unknown,True,0.0,0,0.0,3018529469.0292478,79.8380364842529,87.96895214848179,44.4944172988472,65.75307533314285,9.079883045663436,12.178774988632217,sweep_c150_d100,150,d100,1.0,81.72912698218416,188.9408932406889,15441974255.795563,15340.45749953021,1.9964024379397668e-08,193.35712117156135,0.16860076773572272,0.08719656494374836,8.323747164585706,4.304856792525492,2.3562127365094807,1.218580790939097,12.582927510812986,6.507610081579795,3.6056042347261664e-07,1.8647382692086093e-07,48.94034069843115,25.310855065434858,0.0,0.0,12.981215193941884,6.713595607592827,108.00407673898398,55.85730491051035,87.96895214848178,0.0,0.03200000000000002,4.575704701163808,1.3214432352309498,7.673107465668191,23.785380826834107,1500.0,6.885299999999999,34.62795078008544,0.0
sweep_c150_d100,150.0,89.93,2040,77.21054082992777,0.0687328186191508,0.0691395346280715,0.3126072348174308,0.7845562557989119,0.1241540573157539,237.69323381204117,0.00224,0.00113,1.29e-06,37120,15039.261372900102,Unknown,True,5369246117.620336,1,22.822961155171868,3059770321.6777363,75.53325457790172,86.91319302032832,41.74879753956797,63.43081428204837,11.311086548269678,10.370930194210722,sweep_c150_d100,150,d100,1.0,98.89255757240818,237.69323381204117,23506091809.32916,16433.999570005915,,245.8817722187713,1.6829472211593741,0.6844538356678126,5.698768234103994,2.3176863346476786,1.355706082433693,0.5513650199444083,25.123598611928887,10.21775562507959,0.0,0.0,79.39729099983738,32.290840546404674,0.0,0.0,12.783924240696422,5.199215918015277,119.83953682861156,48.73868272024057,86.91319302032832,0.0,0.23044335198893845,2.9627795900137706,1.1599999999999977,11.054203616221745,38.91954513788365,1500.0,6.885299999999996,41.59565491854402,0.0
sweep_c150_d100,150.0,89.93,2050,85.27706790692638,0.0461109812885151,0.0464396566077779,0.1007213346641117,0.7207544765979563,0.1171144084927789,251.9382881735692,0.00294,0.000565,1.21e-05,24880,10100.438843799988,Unknown,True,11813683984.151323,2,57.44392810432428,2358600405.433048,60.85556141182636,89.88903014929383,29.02406844294421,45.66566910220392,9.67565216809302,6.965948491166687,sweep_c150_d100,150,d100,1.0,101.91866856618608,251.9382881735692,25677214891.494278,11699.927589131945,,261.3362107933535,1.6826634594656018,0.6438692343313018,2.590701856688387,0.9913290809657197,0.0,0.0,23.832923625605552,9.119640769740469,0.0,0.0,80.43868865110534,30.779771546741628,0.0,0.0,9.839290602247663,3.7649932140586104,142.95194259824095,54.70039615416228,89.88903014929383,0.0,0.23035939389619903,0.8520000000000003,0.0,12.139664555832917,41.539921373144715,1500.0,6.8853,44.82173040696364,0.0
sweep_c150_d110,150.0,89.93,2030,62.65724838936092,0.0945722909564968,0.0950924706701486,0.7485029314252917,0.5152795422163797,0.1428084338958195,207.83498256475784,0.00283,0.00053,6.1e-07,17640,6493.359129900113,Unknown,True,0.0,0,0.0,3126612326.4951115,81.29474924449282,86.53703020139086,47.61352337294837,71.6623511820612,9.78495720859053,14.2638706005223,sweep_c150_d110,150,d110,1.1,86.70607619847375,207.83498256475784,18020555834.968357,19763.541983770083,1.085321142547982e-07,212.3163674422631,1.692642597226264,0.7972266187563508,11.44363822186732,5.389899214896506,3.169515628995359,1.4928267976595215,13.970932395118522,6.580242759154096,2.1802746906894984e-06,1.026899017233044e-06,51.94244146176177,24.464643064264415,0.0,0.0,12.982232329478345,6.114569727182577,117.11496262754083,55.160590791187516,86.53703020139086,0.0,0.24435576225767053,5.942739899204094,1.688280229279163,7.616202206267786,25.301440505100945,1500.0,6.885299999999998,37.5070998356887,0.0
sweep_c150_d110,150.0,89.93,2040,78.88062979327816,0.0805788602775589,0.0810078478051678,0.3794045649456078,0.8966700071391465,0.1186150816738804,261.4625571932453,0.00289,0.000478,2.12e-06,23960,9812.31243359996,Unknown,True,6740456248.815223,1,27.836345205581228,3075216125.722949,75.70449859246962,84.83470318391116,41.339222412016014,66.47476312099,12.984363538198831,12.151177170775163,sweep_c150_d110,150,d110,1.1,104.01617050225215,261.4625571932453,27196333928.967457,21180.519039860395,,270.3604958642961,1.7686511343020852,0.6541825308642119,7.487439278237058,2.7694280017873907,1.8832745558904915,0.6965790434249597,31.630257837142583,11.699289770876502,0.0,0.0,87.72911115656198,32.448938546331284,0.0,0.0,12.763039729505564,4.7207487501842,127.09872217265637,47.01083335653146,84.83470318391116,0.0,0.27716732072517297,3.4345257759894996,1.16,12.376503591399153,43.30549802799956,1500.0,6.885299999999998,43.43009392136743,0.0
sweep_c150_d110,150.0,89.93,2050,89.3010720551324,0.051242282966326,0.0515567095857308,0.1231011427687935,0.7814024334063595,0.1018346208925912,277.13211699092614,0.00298,0.000685,7.69e-06,21320,8329.611530499998,Unknown,True,13952943769.515385,2,67.66107382957536,2399915076.4970474,61.30442818190068,88.83523002747104,30.293624547531326,48.54575610410994,10.51862511871898,7.733506437859628,sweep_c150_d110,150,d110,1.1,107.55320361171101,277.13211699092614,29806447006.069595,14288.020072579951,,287.6106686338891,1.60944103683508,0.5595901725341771,3.473717242337508,1.207784557797242,0.0,0.0,28.637352327088678,9.956985414731708,0.0,0.0,90.96377869340205,31.627400723856113,0.0,0.0,9.840300214955993,3.421396105261345,153.08607911926975,53.226843025819406,88.83523002747104,0.0,0.24516732072517297,1.2305257759894994,0.0,13.34375559906552,47.21699859395832,1500.0,6.885299999999997,47.57654441148223,0.0
sweep_c150_d123,150.0,89.93,2030,64.1528207530783,0.1240816757599006,0.1246569438302972,1.1070881972602624,0.4562488570508491,0.1264258310788824,233.29514581072715,0.00292,0.000538,3.33e-07,17840,6668.722150000045,Unknown,True,0.0,0,0.0,3262744770.151068,83.32840506462756,83.83433359969536,50.16734000587861,79.24469847316338,10.378816892740184,18.69854157454459,sweep_c150_d123,150,d123,1.234752,93.23017922036308,233.29514581072715,21750148255.17483,29081.859887208808,9.90712146652456e-08,238.04404300436323,1.6820321014455617,0.7066054164668725,19.50244693900267,8.192789322875516,4.914598959543392,2.0645754867528066,14.064357376185093,5.908300497117376,2.603151892635336e-06,1.0935589312720676e-06,56.79782149549094,23.86021543687605,0.0,0.0,12.98563051229863,5.4551377755168655,128.09715301724503,53.81237497083558,83.83433359969537,0.0,0.23425634413500693,7.681251423353642,2.3528291838265822,7.500127024275713,27.87446168739585,1500.0,6.885299999999998,40.555580149814155,0.0
sweep_c150_d123,150.0,89.93,2040,78.75875770984416,0.0957204013407403,0.0961571539928837,0.3948387137787439,1.1642939050018473,0.1015852378439714,293.4921958358854,0.00299,0.000295,1.53e-06,24480,9973.05111060012,Unknown,True,8377903552.260155,1,34.85981401604059,3101109093.921608,76.27725464021923,81.08562102744938,39.64694210095288,70.57584394675546,16.50532874687003,14.423573098932556,sweep_c150_d123,150,d123,1.234752,109.68765955564675,293.4921958358854,32192472059.0858,28221.374270700813,,302.9466409898988,1.700277937829976,0.5612466711214231,8.887378569074142,2.933644862353986,2.093448428800649,0.6910287639962481,46.319648763567024,15.289705346200378,0.0,0.0,95.75470912529165,31.607780436979464,0.0,0.0,12.76395205566343,4.213267397174745,135.42722610967198,44.70332652217376,81.0856210274494,0.0,0.23624877189067195,3.9,1.16,15.349052820782884,47.241326977500314,1500.0,6.885299999999998,46.047880650807514,0.0
sweep_c150_d123,150.0,89.93,2050,91.05164213306348,0.0641692139318133,0.0645055997824123,0.16710119242469,0.9558474420166416,0.0955680777266322,311.08130519889096,0.00295,0.000814,3.29e-06,16360,6543.220254200045,Unknown,True,15980814425.302025,2,77.6841010557636,2449635077.7073817,61.94019532738848,86.032989266027,31.8052355024052,54.382740459937786,12.90166499017074,9.675839967361846,sweep_c150_d123,150,d123,1.234752,113.62914709059606,311.08130519889096,35347903385.57939,20066.486172950114,,322.10536303799165,1.6954286719574136,0.5263584114113125,5.285734199305263,1.6409954027005198,0.0,0.0,39.702756430913695,12.326015331272469,0.0,0.0,98.04722191429572,30.43948756069959,0.0,0.0,9.841086356731996,3.0552382810128065,167.53313546478753,52.01190501290329,86.032989266027,0.0,0.2318444902888261,1.696,0.0,16.110584210013087,50.417094581370264,1500.0,6.885299999999996,51.76802853115202,0.0
sweep_c300_d087,300.0,89.93,2030,62.71661428197248,0.0346575819788768,0.0347710466198179,0.0685889952702694,0.5542193206283695,0.013866987130575,164.2927979538681,0.00275,0.00124,9.34e-07,23920,8636.552940900205,Unknown,True,0.0,0,0.0,2832681581.275458,76.50896966303894,92.5008294405164,45.47494808263702,63.49584500934298,7.589582940760551,10.431313985945405,sweep_c300_d087,300,d087,0.869546,80.73751120867844,164.2927979538681,13264591616.305569,5712.63253695427,,168.4287761486485,0.1299252013833755,0.07713955082634377,1.1555705282498718,0.6860885382376771,2.0983069932326615e-06,1.2458126462789111e-06,11.4751885680811,6.813080775433265,0.0,0.0,45.29255756121603,26.891222863985327,0.0,0.0,12.995842669937208,7.715927745308555,97.37968952147392,57.816539280396185,92.5008294405164,0.0,0.03313783081782938,1.9964725219562822,0.0,8.31963977221927,22.384054476939344,1500.0,6.885299999999998,32.028672516290264,0.0
sweep_c300_d087,300.0,89.93,2040,80.72026812548914,0.029795014786245,0.0301620602996391,7.2307713119189665e-06,0.5797272917662178,0.1620491014642498,206.68520068832512,0.0029,0.000708,2.02e-06,21960,9061.148424699904,Unknown,True,4581095089.484745,1,19.34278728419156,2807010201.3205805,72.37250671449475,92.7959113939632,44.974577257441176,61.67273053875819,7.649535191425282,9.04861808989174,sweep_c300_d087,300,d087,0.869546,97.41842140680617,206.68520068832512,20134945979.205563,6234.051486204271,,215.66370082635768,1.9100677348694999,0.8856695528968025,0.00015255053328648905,7.073537767457473e-05,0.0,0.0,15.53645154805566,7.204017870659135,0.0,0.0,80.1193757884347,37.150144174212734,0.0,0.0,12.768912793671621,5.920751959993746,105.3287404107929,48.8393457068599,92.7959113939632,0.0,0.3534525774940478,0.0,0.0,10.297993953720274,40.31216531989168,1500.0,6.885299999999998,36.63980158298857,0.0
sweep_c300_d087,300.0,89.93,2050,85.84979679807739,0.0236199491866847,0.0239268484020423,9.838051861966006e-07,0.4595372479729099,0.1373111289387306,219.0719307281744,0.003,8.73e-05,2.69e-06,39000,15262.01564460015,Unknown,True,10571798747.50391,2,53.26105116772062,2312820479.674811,60.79174295084581,94.22966579646756,27.0352367385049,40.21382903354444,6.000537774426838,7.178054520612704,sweep_c300_d087,300,d087,0.869546,99.02838909311693,219.0719307281744,21694340395.530014,5241.700875675741,,228.52814289518932,1.7154783202581818,0.7506639219682267,2.2003813418053087e-05,9.62849176442342e-06,0.0,0.0,13.186815590365104,5.770324575040641,0.0,0.0,79.89227458716319,34.959490579593286,0.0,0.0,9.831506937040212,4.302098994236028,123.9020454565492,54.217412300670055,94.22966579646759,0.0,0.32145257749404776,0.0,0.0,9.57932874258735,41.62022870806955,1500.0,6.885299999999986,39.04670108539048,0.0
sweep_c300_d100,300.0,89.93,2030,69.26307795283077,0.0399646208345367,0.0403348887367188,0.1280283056601744,0.5533597073125419,0.1486699424756216,188.9408932406889,0.00286,0.00147,5.26e-07,25480,9326.30565460003,Unknown,True,0.0,0,0.0,2879401279.973328,77.29592107307049,91.7570884315843,54.02338457260893,74.0207101593728,7.896858965748192,12.100466621015666,sweep_c300_d100,300,d100,1.0,89.26040353959463,188.9408932406889,16864940375.795359,7620.909906679452,,194.0317387043811,1.6019239626662984,0.8255989320937462,2.482549318985895,1.2794552765247376,1.4674465926476733e-06,7.562920388418596e-07,13.511313849629065,6.963455535598924,0.0,0.0,52.22268208182012,26.914505034346202,0.0,0.0,13.007627308789976,6.703865767346377,111.20564071504313,57.31311869779796,91.7570884315843,0.0,0.3213460498522214,3.2279024864771246,0.0,8.82717245027282,26.252863230751846,1500.0,6.885299999999998,36.36767597363065,0.0
sweep_c300_d100,300.0,89.93,2040,85.43994563601362,0.0398539285278504,0.0401833109760242,0.0235952640740547,0.7340997737352782,0.1268292319451485,237.69323381204117,0.00264,0.000735,3.03e-06,20680,8299.709037799854,Unknown,True,7255264807.145876,1,30.200394819758003,2842317320.571092,72.7113957415801,90.4001335306409,42.95837404991725,64.72507988777406,9.71171254504952,12.054993292807287,sweep_c300_d100,300,d100,1.0,107.20665147387042,237.69323381204117,25482295674.984688,9551.30113116608,,247.34323714684035,1.7192100530473855,0.6950705719221834,0.5665445833434363,0.2290519805104255,0.0,0.0,23.178075903743444,9.370814488848671,0.0,0.0,88.95257109062592,35.96321133203954,0.0,0.0,12.76827609001313,5.162169072135569,120.15855942606704,48.57968255454361,90.4001335306409,0.0,0.3213460498522214,0.6691831003183996,0.0,11.998007167759985,45.035116336329885,1500.0,6.885299999999998,41.151155961457235,0.0
sweep_c300_d100,300.0,89.93,2050,91.73195531248768,0.0303232384007662,0.0305998087832346,0.0061823122992036,0.5791352687982847,0.111000483313357,251.9382881735692,0.003,6.44e-05,4.41e-06,28280,11199.346180099994,Unknown,True,13710836404.114157,2,66.0973061066364,2309268390.811636,60.44745430976016,92.59428873371547,28.144539080267457,44.86584032693831,7.541358611700471,9.179942634970388,sweep_c300_d100,300,d100,1.0,108.45325655915855,251.9382881735692,27323527804.36332,7709.263443286673,,262.4794067063998,1.594820480743182,0.607598325809648,0.15901800331461038,0.06058303975537491,0.0,0.0,19.279448990817972,7.345128226529132,0.0,0.0,88.82227182278481,33.83971067952705,0.0,0.0,9.828015685666884,3.7442997182099527,142.79583172307235,54.402680010168844,92.5942887337155,0.0,0.28934604985222145,0.22374059684919972,0.0,11.458172826939318,45.985544781775616,1500.0,6.885299999999996,44.39826932756724,0.0
sweep_c300_d110,300.0,89.93,2030,72.70038118600783,0.0443283334439954,0.0446985244191643,0.1335415794312258,0.6286123566513708,0.1424576735485557,207.83498256475784,0.00279,0.000975,1.06e-06,18480,6973.387137399986,Unknown,True,0.0,0,0.0,2895865223.9469028,77.52476776688974,90.6566370186525,58.76689805332779,81.08385532787084,8.907399948793719,13.409557325749322,sweep_c300_d110,300,d110,1.1,95.01733846055087,207.83498256475784,19747926882.298286,9289.917043327414,1.437163450598483e-06,213.3096560092054,1.6884851963711447,0.7915652896173991,2.846591988491887,1.3344881060466582,3.062357456290741e-05,1.4356393956017559e-05,17.083641311921173,8.008845746384742,3.151121619553912e-05,1.477252215632435e-05,58.82388039351963,27.57675460832447,0.0,0.0,12.998087194692523,6.093529677874305,119.86890778941832,56.19478744283632,90.6566370186525,0.0,0.30876622291291844,3.7192638123604733,0.0,9.387330971796906,30.12907840951209,1500.0,6.885299999999998,39.10283334101374,0.0
sweep_c300_d110,300.0,89.93,2040,90.2087748825341,0.0442638691243807,0.0446086964011658,0.0456344602852508,0.7813042546258703,0.1290617760899924,261.4625571932453,0.00294,0.00108,2.76e-06,19680,8324.364731600042,Unknown,True,9217148799.185017,1,39.38843791850653,2875649575.594764,73.10940421813669,89.4705322475833,43.95818166339843,67.74015160333204,10.399361019583848,13.38260892034976,sweep_c300_d110,300,d110,1.1,113.99074482246772,261.4625571932453,29804311637.645096,11663.503834105928,,271.6973701282638,1.924420178744198,0.7082954751588915,1.2075512686373415,0.44444716857850947,0.0,0.0,27.400735703182495,10.085020583838212,0.0,0.0,95.20137240141781,35.039489839918154,0.0,0.0,12.758797214865023,4.695959040325568,133.20449336141692,49.026787892180664,89.47053224758326,0.0,0.30876622291291844,1.3304060806927183,0.0,13.016867673162297,49.083963127897526,1500.0,6.885299999999998,45.2824342135525,0.0
sweep_c300_d110,300.0,89.93,2050,95.88409996089848,0.0354063496748299,0.0356916719434597,0.0150798129382628,0.6624444431534576,0.1086591873141148,277.13211699092614,0.003,4.18e-05,3.52e-06,47000,18173.91285350034,Unknown,True,16421924067.611193,2,76.15480454073317,2334812123.374988,60.6024689519156,91.3732375195058,28.20253206958,47.55028355815046,8.640249905532523,10.707501583037937,sweep_c300_d110,300,d110,1.1,115.23185144946895,277.13211699092614,31934446936.97525,9891.30860463663,5.97685819306215e-08,288.3034093141408,1.717299613428513,0.5956570605647299,0.42666294214585926,0.14799094577510158,0.0,0.0,24.444585356923543,8.478770825178922,2.045628514564652e-06,7.095401748564466e-07,94.94932667948034,32.93382027821314,0.0,0.0,9.831804216505462,3.410228217520849,156.93372846002856,54.43353196320707,91.37323751950579,0.0,0.27676622291291847,0.581756135834613,0.0,12.934103268485572,49.909834682229004,1500.0,6.885299999999996,48.673384789609514,0.0
sweep_c300_d123,300.0,89.93,2030,76.01332187377476,0.0519935403840563,0.0523584390140809,0.1382307590369548,0.769516854205664,0.1287148736645187,233.29514581072715,0.00297,0.00183,3.58e-06,19800,7418.093713200185,Unknown,True,0.0,0,0.0,2932984194.2782927,78.52942089455365,88.68461131503103,63.44133207053286,89.92520215123474,10.776338376477588,15.707531704224294,sweep_c300_d123,300,d123,1.234752,102.49719195447663,233.29514581072715,23912097342.209717,12214.969664212069,1.3703777682069654e-06,239.09609214818957,1.7124866618606243,0.7162336475157615,3.3051137041734413,1.3823369819549214,2.7316614325695532e-05,1.1424952235842042e-05,23.74947729508783,9.933026124227961,3.384126359381563e-05,1.4153833837167495e-05,63.885962240161355,26.719785198565866,0.0,0.0,13.011510113506883,5.441958501539402,133.4314809755215,55.806633967410015,88.68461131503103,0.0,0.2656812176416448,4.21421884380885,0.0,11.2184069797172,32.956619521079915,1500.0,6.885299999999998,43.27441117935656,0.0
sweep_c300_d123,300.0,89.93,2040,92.75875259124686,0.0532982376233441,0.0537168842224345,0.0513900914596647,0.94699034763248,0.1573387397756466,293.4921958358854,0.00279,0.0014,4.72e-06,20000,8507.413274500053,Unknown,True,11676166038.477272,1,48.84204135435548,2911005373.7626,73.94324173608341,87.18961101529509,43.056676627371125,71.76420904369199,12.592467149590505,16.115065266730365,sweep_c300_d123,300,d123,1.234752,121.46628500756773,293.4921958358854,35649406706.89854,15765.48630390433,,303.89505700088716,2.6334494428944195,0.8665654087577777,1.5275779731848895,0.5026662783726785,0.0,0.0,37.402560933919474,12.307722706332234,0.0,0.0,101.59935169967142,33.432380474479,0.0,0.0,12.755549182608087,4.197353293104353,147.97656776860882,48.69331183895394,87.18961101529509,0.0,0.3870572223793251,1.7221030130443062,0.0,15.388974139306377,53.147662267185375,1500.0,6.885299999999998,50.02923303370087,0.0
sweep_c300_d123,300.0,89.93,2050,100.15628319448922,0.0416122566337655,0.0419567156996185,0.0193135471350365,0.7757634205646073,0.1327639276918657,311.08130519889096,0.00299,0.000149,1.74e-06,26240,10339.043400700204,Unknown,True,19562615028.229576,2,87.45591411091505,2375376818.2134027,61.32882960052133,89.78852770444416,29.63455308789589,52.3488944042964,10.127326606514965,12.587014709885551,sweep_c300_d123,300,d123,1.234752,122.87062451088974,311.08130519889096,38222754243.450424,13051.949881696122,9.733555137940321e-08,323.4086610656113,2.3553028894683194,0.7282745247785709,0.6133919393689309,0.1896646606024226,0.0,0.0,32.4113901472842,10.021806478679544,3.739489890171631e-06,1.156273885136609e-06,103.13184538567788,31.8890177665202,0.0,0.0,9.833431074873856,3.0405589765200833,175.06329588944823,54.1306764366253,89.78852770444415,0.0,0.3550572223793251,0.8396587390515787,0.0,14.69968466109664,54.00368618142623,1500.0,6.885299999999996,54.068924329097875,0.0
sweep_c550_d087,550.0,89.93,2030,71.30744651703809,0.0190606659810719,0.019424574736546,0.0016032446490371,0.3681634506168546,0.1753783375511461,164.2927979538681,0.00295,0.00051,2.01e-06,17680,6469.235549000092,Unknown,True,0.0,0,0.0,2794586519.720989,75.23399916861494,95.41698916677872,54.29765330318289,69.96319649461807,4.9820270863348695,10.683516105100315,sweep_c550_d087,550,d087,0.869546,86.97298970847326,164.2927979538681,14289035825.618048,3191.317732531163,,168.681526434839,1.6431879261194196,0.9741362678231256,0.026433077131412852,0.015670404276086417,0.0,0.0,7.704259553020281,4.567340428945197,0.0,0.0,46.95956111788375,27.839184355510348,0.0,0.0,12.989054012393256,7.700341754620579,99.35903074829085,58.90332678882465,95.4169891667787,0.0,0.43010300908931753,0.440057550740973,0.0,8.45987537504654,24.664014889501832,1500.0,6.885299999999999,33.50584663190076,0.0
sweep_c550_d087,550.0,89.93,2040,88.37008797103283,0.0163319003668906,0.0166727291200753,1.0032781982027053e-07,0.5182380255292033,0.1664013273042068,206.68520068832512,0.0029,0.000505,4.28e-06,23640,9412.239418700105,Unknown,True,6087120550.817287,1,24.96236803877488,2787714458.358751,71.85778235234486,94.09524138529672,45.43118871932,61.45360698197823,6.852417246616812,9.170001016041416,sweep_c550_d087,550,d087,0.869546,104.39250623369105,206.68520068832512,21576386101.26767,3446.006364204846,,215.9800327646154,1.9613672859108315,0.9081243579810068,2.0809428545344974e-06,9.63488535443645e-07,0.0,0.0,12.753097509764725,5.904757651214738,0.0,0.0,81.66666953140009,37.8121386898779,0.0,0.0,12.774204842919431,5.914530468120321,106.82469151367746,49.460447869317505,94.09524138529673,0.0,0.43010300908931753,0.0,0.0,9.784793313983457,43.199393519697246,1500.0,6.885299999999997,37.60050543312088,0.0
sweep_c550_d087,550.0,89.93,2050,92.95105398807284,0.0122228237976275,0.0125125134955687,,0.4034769760745321,0.1437644118081265,219.0719307281744,0.00283,4.64e-05,2.83e-06,37840,13853.226671400014,Unknown,True,11618012870.891869,2,56.60980368786589,2263991848.068467,59.74565094500752,95.43609611595224,29.583717639605634,41.74947091984068,5.2838708576722215,6.881882422562826,sweep_c550_d087,550,d087,0.869546,105.1168072683079,219.0719307281744,23028141920.249607,2741.1404897365737,,228.5482490036606,1.7961015511827636,0.7858741246160218,0.0,0.0,0.0,0.0,10.430722413201183,4.563903884047747,0.0,0.0,78.63869856533256,34.40791995044907,0.0,0.0,9.832936326907173,4.302345946544391,127.84979014703691,55.93995609434277,95.43609611595225,0.0,0.3981030090893176,0.0,0.0,8.961804031437199,42.80828022442732,1500.0,6.885299999999996,40.68252353888206,0.0
sweep_c550_d100,550.0,89.93,2030,76.85625402501245,0.0220586305091406,0.0223953273145621,0.0021331182119571,0.5587205301764668,0.1560444919344817,188.9408932406889,0.00293,0.000781,1.01e-06,24480,8987.851759099867,Unknown,True,0.0,0,0.0,2805588436.712669,75.5797496614316,93.42396496419803,62.007226963736336,81.81128727624952,7.486630289504009,12.31743002300916,sweep_c550_d100,550,d100,1.0,96.66031433752562,188.9408932406889,18263086131.857857,4231.393147230962,6.284654519809517e-08,194.60445324016848,1.681384997595756,0.8640012957569357,0.04044354993214029,0.020782438047410676,1.4447750724064216e-06,7.42416244002069e-07,12.756810565123223,6.555251101771847,1.4664738747917526e-06,7.535664525528217e-07,56.915929954016896,29.24698227936997,0.0,0.0,12.993231664058733,6.6767391227287645,110.2166495981928,56.636242266342386,93.42396496419806,0.0,0.382773700288524,0.5187314607882574,0.0,9.962839629314512,29.849433028208843,1500.0,6.885299999999998,36.421024437777014,0.0
sweep_c550_d100,550.0,89.93,2040,95.98313466695274,0.0172362264746332,0.0175318879345386,4.2010635501260105e-09,0.7154486202848446,0.1400377171937216,237.69323381204117,0.00281,0.000443,1.92e-06,20960,8458.87282119994,Unknown,True,8728095888.097494,1,36.45527622801418,2818939347.2415123,72.78270231897748,92.04768592242428,47.40356405759341,66.44677925004963,9.400676828459964,9.642538363996255,sweep_c550_d100,550,d100,1.0,115.02634985940895,237.69323381204117,27340985071.67814,4167.2111379907865,,247.86506477487632,1.898255216978488,0.7658421805842547,1.0020870938633093e-07,4.042873467357959e-08,0.0,0.0,19.711008339275956,7.9523140371469845,0.0,0.0,90.25445044316767,36.41273550394904,0.0,0.0,12.772306078896941,5.152927093819131,123.22904459634854,49.716181144071854,92.04768592242428,0.0,0.382773700288524,0.0,0.0,12.256301797451945,48.10078063892569,1500.0,6.885299999999998,42.77520050970138,0.0
sweep_c550_d100,550.0,89.93,2050,100.434095099031,0.0133366073277722,0.0136011208224897,,0.5854868016338248,0.1282126532195032,251.9382881735692,0.00299,4.55e-05,7.24e-06,35520,13150.448054100154,Unknown,True,15235712608.88446,2,69.13396461261672,2277851532.2251835,60.19114508933328,93.4811961544029,30.91880122260392,46.01364125808701,7.61422358311371,7.480616452369378,sweep_c550_d100,550,d100,1.0,115.52893513451409,251.9382881735692,29106162152.30479,3426.6430972599424,,262.73854891512394,1.8421195939088468,0.7011226946008339,0.0,0.0,0.0,0.0,17.127410630545132,6.518803845597105,0.0,0.0,88.66864663005337,33.74786341637947,0.0,0.0,9.83279287440811,3.7424248992044684,145.26757918620848,55.28978514421813,93.4811961544029,0.0,0.35077370028852395,0.0,0.0,11.317699393290074,48.152741176521594,1500.0,6.885299999999996,45.649542033690935,0.0
sweep_c550_d110,550.0,89.93,2030,83.32627720770753,0.0216087895392026,0.0219244987050755,0.0043469737211106,0.5830073591609448,0.1450015543718515,207.83498256475784,0.00284,0.000708,4.14e-06,25080,9570.133441799786,Unknown,True,0.0,0,0.0,2829051700.297709,76.32204843829953,93.19193819703656,69.71426798103067,89.58119173703706,7.808449468214811,12.05847428779156,sweep_c550_d110,550,d110,1.1,103.1932009637139,207.83498256475784,21447157123.09503,4556.677806110421,,213.51939788203407,1.7186366441975292,0.8049089034744503,0.09112580529927161,0.04267799844097402,0.0,0.0,14.445406763825048,6.765383804522481,0.0,0.0,60.968531008979134,28.554094669498475,0.0,0.0,12.990066225729864,6.083787400387228,123.3056314340032,57.74914722367638,93.19193819703655,0.0,0.36959749441283657,1.140993588650701,0.0,10.66116247763316,32.4536376627442,1500.0,6.8853,41.120454626794455,0.0
sweep_c550_d110,550.0,89.93,2040,102.80399300356032,0.0162178430781603,0.0167914501938865,9.281721598123612e-08,0.7522128834641979,0.2958829019577492,261.4625571932453,0.00297,0.000567,1.29e-06,20760,8878.923505099956,Unknown,True,11350299651.723837,1,45.97057462860515,2822824726.452223,72.937468372614,91.68968962801658,48.59690297001188,67.81433390730562,9.982133330656165,9.235297606637571,sweep_c550_d110,550,d110,1.1,122.02142394085406,261.4625571932453,31904033535.936787,4390.335506676578,,272.3677721569133,4.411864181040322,1.6198187274882914,2.435383955150196e-06,8.94152761122983e-07,0.0,0.0,22.634604784112156,8.31030947783065,0.0,0.0,96.2444683202661,35.3362174820077,0.0,0.0,12.775292017059298,4.690456552877096,136.3015404190515,50.043196865643516,91.6896896280166,0.0,0.7045622188096194,0.0,0.0,13.336489458295162,52.33757606891872,1500.0,6.885299999999999,47.100221345343876,0.0
sweep_c550_d110,550.0,89.93,2050,106.12940921504952,0.013716222964411,0.0142076696819092,,0.6708161813238269,0.253753267337203,277.13211699092614,0.003,4.04e-05,5.78e-06,37760,13790.262382899877,Unknown,True,18644746250.03521,2,79.69727588675161,2277422269.135432,60.14960560126672,92.56141998107891,30.63412290055979,47.24299533631848,8.79465411070857,7.814218325050112,sweep_c550_d110,550,d110,1.1,122.73828165080819,277.13211699092614,34014719829.71702,3937.401576455295,,288.76220864683887,4.010432975581385,1.3888358155918574,0.0,0.0,0.0,0.0,21.479807954598947,7.438580018921077,0.0,0.0,95.68190720210376,33.13519024891667,0.0,0.0,9.834074218345563,3.4055959969376755,157.75598629620922,54.63179791963272,92.56141998107891,0.0,0.6725622188096195,0.0,0.0,12.642359237525651,52.069641478051686,1500.0,6.885299999999995,49.76584642402197,0.0
sweep_c550_d123,550.0,89.93,2030,89.0727285086461,0.022588038992079,0.0230542022279483,0.0050440954348889,0.6951147954905028,0.2272063947218621,233.29514581072715,0.00299,0.000442,8.24e-06,20080,7942.068966299994,Unknown,True,0.0,0,0.0,2842636406.6424503,76.69961359585551,91.90579463440844,76.88800689018306,98.913187157689,9.345369042134374,12.679811225371571,sweep_c550_d123,550,d123,1.234752,111.09790877615204,233.29514581072715,25918602827.199253,5378.433470319189,,239.37952995883288,3.022866816967431,1.2627925276180827,0.11857854542342962,0.04953579173784077,7.4208626916697e-06,3.100040631271144e-06,19.257284791769568,8.04466647381308,0.0,0.0,66.32516103110895,27.7071147405608,0.0,0.0,12.992185907903284,5.42744231728486,137.66344544479753,57.5084450489447,91.90579463440844,0.0,0.5216027736484516,1.4258960263253995,0.0,12.038684053781733,35.53318007750116,1500.0,6.8853,45.38847276241987,0.0
sweep_c550_d123,550.0,89.93,2040,108.64677641085814,0.0168509352822422,0.0174450594670357,2.2685199555682646e-09,0.931185002202822,0.3063917154155918,293.4921958358854,0.0029,0.000964,2.15e-06,17920,7311.151927800151,Unknown,True,14577864928.51852,1,56.58032988291772,2820071366.4792886,72.86041781419941,89.75701703961143,49.36773409953765,71.28003283695624,12.317516030548928,9.594782706869667,sweep_c550_d123,550,d123,1.234752,130.55907514827675,293.4921958358854,38318069651.57012,5119.988809467909,,305.08433555181074,5.128216314807072,1.6809176077596997,6.681416724333408e-08,2.1900228709706206e-08,0.0,0.0,31.249736438572587,10.242982938488371,0.0,0.0,104.32347892270519,34.19496406920195,0.0,0.0,12.774409960948159,4.187173339412162,151.60849384796356,49.69396202323759,89.7570170396114,0.0,0.7641809469000956,0.0,0.0,15.335883762132866,57.744681712976075,1500.0,6.885299999999998,52.03875002415815,0.0
sweep_c550_d123,550.0,89.93,2050,112.96124206326496,0.0134955461448888,0.0142241573228258,,0.7358731991276659,0.3858213742664281,311.08130519889096,0.00299,0.000562,1.02e-05,25760,9834.44792299997,Unknown,True,22774079071.153515,2,93.64547110072624,2260564557.1546044,59.582323959532346,91.87670440111116,32.485034686218846,50.02702379307495,9.718702579301862,7.823286527554241,sweep_c550_d123,550,d123,1.234752,130.50323117012107,311.08130519889096,40597115485.07385,4424.869425339012,,323.9394266657904,6.844676964796008,2.1129496447055485,0.0,0.0,0.0,0.0,26.3145571894079,8.123295598888843,0.0,0.0,103.53775388919122,31.962072340151277,0.0,0.0,9.839259130816046,3.0373762255766565,177.40317949157924,54.76430619067768,91.87670440111117,0.0,1.088644147084433,0.0,0.0,14.12008062645006,56.65674999034744,1500.0,6.885299999999995,55.49622926820717,0.0
