cell,year,carrier,duration_class,power_gw,energy_gwh,units
sweep_c0_d087,2030,Battery,1_under_2h,5.163320000000001,7.724199999999999,31.0
sweep_c0_d087,2030,Battery,2_2to4h,6.9935,17.8953,37.0
sweep_c0_d087,2030,Battery,3_4to8h,1.7258000000000002,8.096,8.0
sweep_c0_d087,2030,Battery,4_8h,0.65,5.2,4.0
sweep_c0_d087,2030,Battery,6_over24h,0.061200000000000004,2.7,1.0
sweep_c0_d087,2030,Water,2_2to4h,0.25,0.9,1.0
sweep_c0_d087,2030,Water,3_4to8h,0.247,1.482,1.0
sweep_c0_d087,2030,Water,5_over8to24h,3.378,62.802,3.0
sweep_c0_d087,2030,Water,6_over24h,2.2,349.8,1.0
sweep_c0_d087,2040,Battery,1_under_2h,4.993777674000175,7.4635576740001754,28.0
sweep_c0_d087,2040,Battery,2_2to4h,6.879881732612721,17.66806346522544,35.0
sweep_c0_d087,2040,Battery,3_4to8h,1.7395023423659062,8.150809369463623,15.0
sweep_c0_d087,2040,Battery,4_8h,3.7402207376427605,29.921765901142084,19.0
sweep_c0_d087,2040,Water,2_2to4h,0.25,0.9,1.0
sweep_c0_d087,2040,Water,3_4to8h,0.247,1.482,1.0
sweep_c0_d087,2040,Water,5_over8to24h,3.378,62.802,3.0
sweep_c0_d087,2040,Water,6_over24h,2.2,349.8,1.0
sweep_c0_d087,2050,Battery,1_under_2h,2.655637464357076,4.419037464357076,16.0
sweep_c0_d087,2050,Battery,2_2to4h,3.1746121238458174,8.224424247691633,23.0
sweep_c0_d087,2050,Battery,3_4to8h,1.9244574812443558,8.873829924977423,17.0
sweep_c0_d087,2050,Battery,4_8h,9.972635637177454,79.78108509741963,29.0
sweep_c0_d087,2050,Water,2_2to4h,0.25,0.9,1.0
sweep_c0_d087,2050,Water,3_4to8h,0.247,1.482,1.0
sweep_c0_d087,2050,Water,5_over8to24h,3.378,62.802,3.0
sweep_c0_d087,2050,Water,6_over24h,2.2,349.8,1.0
sweep_c0_d100,2030,Battery,1_under_2h,5.163320000000001,7.724199999999999,31.0
sweep_c0_d100,2030,Battery,2_2to4h,6.9935,17.8953,37.0
sweep_c0_d100,2030,Battery,3_4to8h,1.7258000000000002,8.096,8.0
sweep_c0_d100,2030,Battery,4_8h,0.65,5.2,4.0
sweep_c0_d100,2030,Battery,6_over24h,0.061200000000000004,2.7,1.0
sweep_c0_d100,2030,Water,2_2to4h,0.25,0.9,1.0
sweep_c0_d100,2030,Water,3_4to8h,0.247,1.482,1.0
sweep_c0_d100,2030,Water,5_over8to24h,3.378,62.802,3.0
sweep_c0_d100,2030,Water,6_over24h,2.2,349.8,1.0
sweep_c0_d100,2040,Battery,1_under_2h,5.002145325583928,7.471925325583928,28.0
sweep_c0_d100,2040,Battery,2_2to4h,6.890638814415345,17.68957762883069,36.0
sweep_c0_d100,2040,Battery,3_4to8h,1.7674007041742432,8.262402816696971,17.0
sweep_c0_d100,2040,Battery,4_8h,6.434821727769172,51.47857382215338,19.0
sweep_c0_d100,2040,Water,2_2to4h,0.25,0.9,1.0
sweep_c0_d100,2040,Water,3_4to8h,0.247,1.482,1.0
sweep_c0_d100,2040,Water,5_over8to24h,3.378,62.802,3.0
sweep_c0_d100,2040,Water,6_over24h,2.2,349.8,1.0
sweep_c0_d100,2050,Battery,1_under_2h,2.658070732533357,4.421470732533357,16.0
sweep_c0_d100,2050,Battery,2_2to4h,3.1870233744806065,8.249246748961212,25.0
sweep_c0_d100,2050,Battery,3_4to8h,2.3482159148047383,10.568863659218954,21.0
sweep_c0_d100,2050,Battery,4_8h,11.44566607299687,91.56532858397496,29.0
sweep_c0_d100,2050,Water,2_2to4h,0.25,0.9,1.0
sweep_c0_d100,2050,Water,3_4to8h,0.247,1.482,1.0
sweep_c0_d100,2050,Water,5_over8to24h,3.378,62.802,3.0
sweep_c0_d100,2050,Water,6_over24h,2.2,349.8,1.0
sweep_c0_d110,2030,Battery,1_under_2h,5.163320000000001,7.724199999999999,31.0
sweep_c0_d110,2030,Battery,2_2to4h,6.9935,17.8953,37.0
sweep_c0_d110,2030,Battery,3_4to8h,1.7712132335515989,8.277652934206396,9.0
sweep_c0_d110,2030,Battery,4_8h,0.65,5.2,4.0
sweep_c0_d110,2030,Battery,6_over24h,0.061200000000000004,2.7,1.0
sweep_c0_d110,2030,Water,2_2to4h,0.25,0.9,1.0
sweep_c0_d110,2030,Water,3_4to8h,0.247,1.482,1.0
sweep_c0_d110,2030,Water,5_over8to24h,3.378,62.802,3.0
sweep_c0_d110,2030,Water,6_over24h,2.2,349.8,1.0
sweep_c0_d110,2040,Battery,1_under_2h,4.994874402979335,7.464654402979334,29.0
sweep_c0_d110,2040,Battery,2_2to4h,6.884130852680572,17.67656170536114,38.0
sweep_c0_d110,2040,Battery,3_4to8h,1.801187311412897,8.397549245651588,17.0
sweep_c0_d110,2040,Battery,4_8h,7.6089353333295024,60.87148266663602,19.0
sweep_c0_d110,2040,Water,2_2to4h,0.25,0.9,1.0
sweep_c0_d110,2040,Water,3_4to8h,0.247,1.482,1.0
sweep_c0_d110,2040,Water,5_over8to24h,3.378,62.802,3.0
sweep_c0_d110,2040,Water,6_over24h,2.2,349.8,1.0
sweep_c0_d110,2050,Battery,1_under_2h,2.6582677738897442,4.421667773889745,20.0
sweep_c0_d110,2050,Battery,2_2to4h,3.1443783699572134,8.163956739914427,29.0
sweep_c0_d110,2050,Battery,3_4to8h,1.4699912433954756,7.0559649735819026,23.0
sweep_c0_d110,2050,Battery,4_8h,14.73500399093908,117.88003192751265,29.0
sweep_c0_d110,2050,Water,2_2to4h,0.25,0.9,1.0
sweep_c0_d110,2050,Water,3_4to8h,0.247,1.482,1.0
sweep_c0_d110,2050,Water,5_over8to24h,3.378,62.802,3.0
sweep_c0_d110,2050,Water,6_over24h,2.2,349.8,1.0
sweep_c0_d123,2030,Battery,1_under_2h,5.164978164429977,7.725858164429976,32.0
sweep_c0_d123,2030,Battery,2_2to4h,6.998175514594252,17.904651029188507,38.0
sweep_c0_d123,2030,Battery,3_4to8h,1.7377357537341387,8.143743014936554,9.0
sweep_c0_d123,2030,Battery,4_8h,0.65,5.2,4.0
sweep_c0_d123,2030,Battery,6_over24h,0.061200000000000004,2.7,1.0
sweep_c0_d123,2030,Water,2_2to4h,0.25,0.9,1.0
sweep_c0_d123,2030,Water,3_4to8h,0.247,1.482,1.0
sweep_c0_d123,2030,Water,5_over8to24h,3.378,62.802,3.0
sweep_c0_d123,2030,Water,6_over24h,2.2,349.8,1.0
sweep_c0_d123,2040,Battery,1_under_2h,5.019139519100226,7.488919519100225,31.0
sweep_c0_d123,2040,Battery,2_2to4h,6.912231018755705,17.732762037511414,38.0
sweep_c0_d123,2040,Battery,3_4to8h,1.7865533808337637,8.339013523335053,18.0
sweep_c0_d123,2040,Battery,4_8h,9.995315058730077,79.96252046984061,19.0
sweep_c0_d123,2040,Water,2_2to4h,0.25,0.9,1.0
sweep_c0_d123,2040,Water,3_4to8h,0.247,1.482,1.0
sweep_c0_d123,2040,Water,5_over8to24h,3.378,62.802,3.0
sweep_c0_d123,2040,Water,6_over24h,2.2,349.8,1.0
sweep_c0_d123,2050,Battery,1_under_2h,2.697352571847182,4.4607525718471805,24.0
sweep_c0_d123,2050,Battery,2_2to4h,3.180979448671153,8.237158897342306,30.0
sweep_c0_d123,2050,Battery,3_4to8h,1.504241829881167,7.1929673195246675,26.0
sweep_c0_d123,2050,Battery,4_8h,17.49921510266792,139.99372082134337,30.0
sweep_c0_d123,2050,Water,2_2to4h,0.25,0.9,1.0
sweep_c0_d123,2050,Water,3_4to8h,0.247,1.482,1.0
sweep_c0_d123,2050,Water,5_over8to24h,3.378,62.802,3.0
sweep_c0_d123,2050,Water,6_over24h,2.2,349.8,1.0
sweep_c150_d087,2030,Battery,1_under_2h,5.163320000000001,7.724199999999999,31.0
sweep_c150_d087,2030,Battery,2_2to4h,6.9935,17.8953,37.0
sweep_c150_d087,2030,Battery,3_4to8h,1.7258000000000002,8.096,8.0
sweep_c150_d087,2030,Battery,4_8h,0.7323051636761018,5.858441309408814,7.0
sweep_c150_d087,2030,Battery,6_over24h,0.061200000000000004,2.7,1.0
sweep_c150_d087,2030,Water,2_2to4h,0.25,0.9,1.0
sweep_c150_d087,2030,Water,3_4to8h,0.247,1.482,1.0
sweep_c150_d087,2030,Water,5_over8to24h,3.378,62.802,3.0
sweep_c150_d087,2030,Water,6_over24h,2.2,349.8,1.0
sweep_c150_d087,2040,Battery,1_under_2h,5.023787244216197,7.493567244216197,34.0
sweep_c150_d087,2040,Battery,2_2to4h,6.921804294924916,17.751908589849833,41.0
sweep_c150_d087,2040,Battery,3_4to8h,1.8170262888588815,8.460905155435526,19.0
sweep_c150_d087,2040,Battery,4_8h,7.226973395830969,57.81578716664775,22.0
sweep_c150_d087,2040,Water,2_2to4h,0.25,0.9,1.0
sweep_c150_d087,2040,Water,3_4to8h,0.247,1.482,1.0
sweep_c150_d087,2040,Water,5_over8to24h,3.378,62.802,3.0
sweep_c150_d087,2040,Water,6_over24h,2.2,349.8,1.0
sweep_c150_d087,2050,Battery,1_under_2h,2.6796071686173377,4.443007168617337,25.0
sweep_c150_d087,2050,Battery,2_2to4h,3.1715716561970324,8.218343312394065,30.0
sweep_c150_d087,2050,Battery,3_4to8h,1.5215013488696847,7.262005395478738,24.0
sweep_c150_d087,2050,Battery,4_8h,12.672956730880475,101.3836538470438,31.0
sweep_c150_d087,2050,Water,2_2to4h,0.25,0.9,1.0
sweep_c150_d087,2050,Water,3_4to8h,0.247,1.482,1.0
sweep_c150_d087,2050,Water,5_over8to24h,3.378,62.802,3.0
sweep_c150_d087,2050,Water,6_over24h,2.2,349.8,1.0
sweep_c150_d100,2030,Battery,1_under_2h,5.164463979012384,7.725343979012383,32.0
sweep_c150_d100,2030,Battery,2_2to4h,6.994791842748827,17.897883685497654,38.0
sweep_c150_d100,2030,Battery,3_4to8h,1.7313699594421832,8.118279837768732,12.0
sweep_c150_d100,2030,Battery,4_8h,1.0873904634103637,8.69912370728291,13.0
sweep_c150_d100,2030,Battery,6_over24h,0.061200000000000004,2.7,1.0
sweep_c150_d100,2030,Water,2_2to4h,0.25,0.9,1.0
sweep_c150_d100,2030,Water,3_4to8h,0.247,1.482,1.0
sweep_c150_d100,2030,Water,5_over8to24h,3.378,62.802,3.0
sweep_c150_d100,2030,Water,6_over24h,2.2,349.8,1.0
sweep_c150_d100,2040,Battery,1_under_2h,4.998465536612062,7.468245536612061,30.0
sweep_c150_d100,2040,Battery,2_2to4h,6.892441794046543,17.693183588093085,43.0
sweep_c150_d100,2040,Battery,3_4to8h,1.7585146541250074,8.226858616500031,24.0
sweep_c150_d100,2040,Battery,4_8h,8.244779780117957,65.95823824094366,28.0
sweep_c150_d100,2040,Water,2_2to4h,0.25,0.9,1.0
sweep_c150_d100,2040,Water,3_4to8h,0.247,1.482,1.0
sweep_c150_d100,2040,Water,5_over8to24h,3.378,62.802,3.0
sweep_c150_d100,2040,Water,6_over24h,2.2,349.8,1.0
sweep_c150_d100,2050,Battery,1_under_2h,2.6595691627072187,4.4229691627072185,20.0
sweep_c150_d100,2050,Battery,2_2to4h,3.151023762063419,8.177247524126837,33.0
sweep_c150_d100,2050,Battery,3_4to8h,1.4835743206365641,7.110297282546257,33.0
sweep_c150_d100,2050,Battery,4_8h,14.970919418309519,119.76735534647615,31.0
sweep_c150_d100,2050,Water,2_2to4h,0.25,0.9,1.0
sweep_c150_d100,2050,Water,3_4to8h,0.247,1.482,1.0
sweep_c150_d100,2050,Water,5_over8to24h,3.378,62.802,3.0
sweep_c150_d100,2050,Water,6_over24h,2.2016321499442726,349.8783431973251,2.0
sweep_c150_d110,2030,Battery,1_under_2h,5.164390889694523,7.725270889694523,32.0
sweep_c150_d110,2030,Battery,2_2to4h,6.9935,17.8953,37.0
sweep_c150_d110,2030,Battery,3_4to8h,1.7268804188363829,8.100321675345532,9.0
sweep_c150_d110,2030,Battery,4_8h,1.2781919371005301,10.225535496804241,13.0
sweep_c150_d110,2030,Battery,6_over24h,0.061200000000000004,2.7,1.0
sweep_c150_d110,2030,Water,2_2to4h,0.25,0.9,1.0
sweep_c150_d110,2030,Water,3_4to8h,0.247,1.482,1.0
sweep_c150_d110,2030,Water,5_over8to24h,3.378,62.802,3.0
sweep_c150_d110,2030,Water,6_over24h,2.2,349.8,1.0
sweep_c150_d110,2040,Battery,1_under_2h,5.00349478232215,7.47327478232215,30.0
sweep_c150_d110,2040,Battery,2_2to4h,6.894878032793973,17.698056065587945,38.0
sweep_c150_d110,2040,Battery,3_4to8h,1.7794539647585847,8.31061585903434,16.0
sweep_c150_d110,2040,Battery,4_8h,10.727642802622245,85.82114242097796,28.0
sweep_c150_d110,2040,Water,2_2to4h,0.25,0.9,1.0
sweep_c150_d110,2040,Water,3_4to8h,0.247,1.482,1.0
sweep_c150_d110,2040,Water,5_over8to24h,3.378,62.802,3.0
sweep_c150_d110,2040,Water,6_over24h,2.2,349.8,1.0
sweep_c150_d110,2050,Battery,1_under_2h,2.681023171248868,4.444423171248868,24.0
sweep_c150_d110,2050,Battery,2_2to4h,3.171051999028573,8.217303998057146,32.0
sweep_c150_d110,2050,Battery,3_4to8h,1.5162001944055685,7.240800777622275,28.0
sweep_c150_d110,2050,Battery,4_8h,18.470877422716093,147.76701938172874,31.0
sweep_c150_d110,2050,Water,2_2to4h,0.25,0.9,1.0
sweep_c150_d110,2050,Water,3_4to8h,0.247,1.482,1.0
sweep_c150_d110,2050,Water,5_over8to24h,3.378,62.802,3.0
sweep_c150_d110,2050,Water,6_over24h,2.207965869751009,350.18236174804844,2.0
sweep_c150_d123,2030,Battery,1_under_2h,5.163320000000001,7.724199999999999,31.0
sweep_c150_d123,2030,Battery,2_2to4h,6.9935,17.8953,37.0
sweep_c150_d123,2030,Battery,3_4to8h,1.7269487960471526,8.10059518418861,9.0
sweep_c150_d123,2030,Battery,4_8h,2.438243508497566,19.50594806798053,13.0
sweep_c150_d123,2030,Battery,6_over24h,0.061200000000000004,2.7,1.0
sweep_c150_d123,2030,Water,2_2to4h,0.25,0.9,1.0
sweep_c150_d123,2030,Water,3_4to8h,0.247,1.482,1.0
sweep_c150_d123,2030,Water,5_over8to24h,3.378,62.802,3.0
sweep_c150_d123,2030,Water,6_over24h,2.2,349.8,1.0
sweep_c150_d123,2040,Battery,1_under_2h,5.002789363569346,7.472569363569346,30.0
sweep_c150_d123,2040,Battery,2_2to4h,6.895569697676263,17.699439395352524,39.0
sweep_c150_d123,2040,Battery,3_4to8h,1.766759865621753,8.259839462487012,17.0
sweep_c150_d123,2040,Battery,4_8h,12.54499101597684,100.35992812781473,28.0
sweep_c150_d123,2040,Water,2_2to4h,0.25,0.9,1.0
sweep_c150_d123,2040,Water,3_4to8h,0.247,1.482,1.0
sweep_c150_d123,2040,Water,5_over8to24h,3.378,62.802,3.0
sweep_c150_d123,2040,Water,6_over24h,2.2,349.8,1.0
sweep_c150_d123,2050,Battery,1_under_2h,2.676887293184234,4.440287293184234,22.0
sweep_c150_d123,2050,Battery,2_2to4h,3.1673306903637664,8.209861380727533,32.0
sweep_c150_d123,2050,Battery,3_4to8h,1.4992705877685897,7.173082351074359,29.0
sweep_c150_d123,2050,Battery,4_8h,20.746822786804174,165.9745822944334,31.0
sweep_c150_d123,2050,Water,2_2to4h,0.25,0.9,1.0
sweep_c150_d123,2050,Water,3_4to8h,0.247,1.482,1.0
sweep_c150_d123,2050,Water,5_over8to24h,3.378,62.802,3.0
sweep_c150_d123,2050,Water,6_over24h,2.2,349.8,1.0
sweep_c300_d087,2030,Battery,1_under_2h,5.163320000000001,7.724199999999999,31.0
sweep_c300_d087,2030,Battery,2_2to4h,6.9935,17.8953,37.0
sweep_c300_d087,2030,Battery,3_4to8h,1.7258000000000002,8.096,8.0
sweep_c300_d087,2030,Battery,4_8h,1.540104783035153,12.320838264281225,16.0
sweep_c300_d087,2030,Battery,6_over24h,0.061200000000000004,2.7,1.0
sweep_c300_d087,2030,Water,2_2to4h,0.25,0.9,1.0
sweep_c300_d087,2030,Water,3_4to8h,0.247,1.482,1.0
sweep_c300_d087,2030,Water,5_over8to24h,3.378,62.802,3.0
sweep_c300_d087,2030,Water,6_over24h,2.2,349.8,1.0
sweep_c300_d087,2040,Battery,1_under_2h,5.01851305960669,7.488293059606689,35.0
sweep_c300_d087,2040,Battery,2_2to4h,6.9119574003261715,17.73221480065234,45.0
sweep_c300_d087,2040,Battery,3_4to8h,1.7757676408739367,8.295870563495749,19.0
sweep_c300_d087,2040,Battery,4_8h,9.411943608396594,75.29554886717276,31.0
sweep_c300_d087,2040,Water,2_2to4h,0.25,0.9,1.0
sweep_c300_d087,2040,Water,3_4to8h,0.247,1.482,1.0
sweep_c300_d087,2040,Water,5_over8to24h,3.378,62.802,3.0
sweep_c300_d087,2040,Water,6_over24h,2.396251279462159,359.22006141418365,2.0
sweep_c300_d087,2050,Battery,1_under_2h,2.6752898147814186,4.438689814781419,27.0
sweep_c300_d087,2050,Battery,2_2to4h,3.1641229049321837,8.203445809864364,36.0
sweep_c300_d087,2050,Battery,3_4to8h,1.4835723148543465,7.110289259417386,28.0
sweep_c300_d087,2050,Battery,4_8h,13.886007710611935,111.08806168489548,31.0
sweep_c300_d087,2050,Water,2_2to4h,0.25,0.9,1.0
sweep_c300_d087,2050,Water,3_4to8h,0.247,1.482,1.0
sweep_c300_d087,2050,Water,5_over8to24h,3.378,62.802,3.0
sweep_c300_d087,2050,Water,6_over24h,2.396251279462159,359.22006141418365,2.0
sweep_c300_d100,2030,Battery,1_under_2h,5.164496368504151,7.725376368504151,32.0
sweep_c300_d100,2030,Battery,2_2to4h,6.994820421877541,17.89794084375508,38.0
sweep_c300_d100,2030,Battery,3_4to8h,1.7297945961965002,8.111978384786,11.0
sweep_c300_d100,2030,Battery,4_8h,2.942913305811846,23.543306446494768,17.0
sweep_c300_d100,2030,Battery,6_over24h,0.061200000000000004,2.7,1.0
sweep_c300_d100,2030,Water,2_2to4h,0.25,0.9,1.0
sweep_c300_d100,2030,Water,3_4to8h,0.247,1.482,1.0
sweep_c300_d100,2030,Water,5_over8to24h,3.378,62.802,3.0
sweep_c300_d100,2030,Water,6_over24h,2.2,349.8,1.0
sweep_c300_d100,2040,Battery,1_under_2h,5.015705561154201,7.485485561154202,35.0
sweep_c300_d100,2040,Battery,2_2to4h,6.909894511687756,17.728089023375514,41.0
sweep_c300_d100,2040,Battery,3_4to8h,1.779841521470611,8.312166085882442,22.0
sweep_c300_d100,2040,Battery,4_8h,12.410453408153874,99.28362726523099,32.0
sweep_c300_d100,2040,Water,2_2to4h,0.25,0.9,1.0
sweep_c300_d100,2040,Water,3_4to8h,0.247,1.482,1.0
sweep_c300_d100,2040,Water,5_over8to24h,3.3795064351999087,62.817064351999086,4.0
sweep_c300_d100,2040,Water,6_over24h,2.4101714231003206,359.88822830881537,2.0
sweep_c300_d100,2050,Battery,1_under_2h,2.6611091926500494,4.424509192650049,18.0
sweep_c300_d100,2050,Battery,2_2to4h,3.149574089810215,8.17434817962043,23.0
sweep_c300_d100,2050,Battery,3_4to8h,1.4782352080459031,7.088940832183613,28.0
sweep_c300_d100,2050,Battery,4_8h,17.545848140645337,140.3667851251627,30.0
sweep_c300_d100,2050,Water,2_2to4h,0.25,0.9,1.0
sweep_c300_d100,2050,Water,3_4to8h,0.247,1.482,1.0
sweep_c300_d100,2050,Water,5_over8to24h,3.3795064351999087,62.817064351999086,4.0
sweep_c300_d100,2050,Water,6_over24h,2.4137835110465864,360.06160853023613,4.0
sweep_c300_d110,2030,Battery,1_under_2h,5.166081824742588,7.726961824742587,33.0
sweep_c300_d110,2030,Battery,2_2to4h,6.995172298673433,17.898644597346866,38.0
sweep_c300_d110,2030,Battery,3_4to8h,1.7301045598940916,8.113218239576366,11.0
sweep_c300_d110,2030,Battery,4_8h,4.706415943168805,37.65132754535044,18.0
sweep_c300_d110,2030,Battery,6_over24h,0.061200000000000004,2.7,1.0
sweep_c300_d110,2030,Water,2_2to4h,0.25,0.9,1.0
sweep_c300_d110,2030,Water,3_4to8h,0.247,1.482,1.0
sweep_c300_d110,2030,Water,5_over8to24h,3.378,62.802,3.0
sweep_c300_d110,2030,Water,6_over24h,2.2,349.8,1.0
sweep_c300_d110,2040,Battery,1_under_2h,5.016777647525429,7.48655764752543,40.0
sweep_c300_d110,2040,Battery,2_2to4h,6.908071481241531,17.724442962483064,47.0
sweep_c300_d110,2040,Battery,3_4to8h,1.7775944471455158,8.303177788582065,24.0
sweep_c300_d110,2040,Battery,4_8h,14.798277821669872,118.38622257335898,33.0
sweep_c300_d110,2040,Water,2_2to4h,0.25,0.9,1.0
sweep_c300_d110,2040,Water,3_4to8h,0.247,1.482,1.0
sweep_c300_d110,2040,Water,5_over8to24h,3.381049850409292,62.84791609702292,5.0
sweep_c300_d110,2040,Water,6_over24h,2.397302334903234,359.2705120753552,2.0
sweep_c300_d110,2050,Battery,1_under_2h,2.6605958227828417,4.4239958227828415,22.0
sweep_c300_d110,2050,Battery,2_2to4h,3.1473991825680985,8.169998365136196,29.0
sweep_c300_d110,2050,Battery,3_4to8h,1.4657394895148257,7.038957958059303,22.0
sweep_c300_d110,2050,Battery,4_8h,20.45574277069992,163.64594216559937,29.0
sweep_c300_d110,2050,Water,2_2to4h,0.25,0.9,1.0
sweep_c300_d110,2050,Water,3_4to8h,0.247,1.482,1.0
sweep_c300_d110,2050,Water,5_over8to24h,3.381049850409292,62.84791609702292,5.0
sweep_c300_d110,2050,Water,6_over24h,2.5078078334105127,364.5747760037046,3.0
sweep_c300_d123,2030,Battery,1_under_2h,5.166271068978319,7.727151068978319,32.0
sweep_c300_d123,2030,Battery,2_2to4h,6.996245546281411,17.90079109256282,38.0
sweep_c300_d123,2030,Battery,3_4to8h,1.7366611971547283,8.139444788618913,14.0
sweep_c300_d123,2030,Battery,4_8h,5.875191112846975,47.0015289027758,18.0
sweep_c300_d123,2030,Battery,6_over24h,0.061200000000000004,2.7,1.0
sweep_c300_d123,2030,Water,2_2to4h,0.25,0.9,1.0
sweep_c300_d123,2030,Water,3_4to8h,0.247,1.482,1.0
sweep_c300_d123,2030,Water,5_over8to24h,3.378,62.802,3.0
sweep_c300_d123,2030,Water,6_over24h,2.2,349.8,1.0
sweep_c300_d123,2040,Battery,1_under_2h,5.014029872958068,7.483809872958067,35.0
sweep_c300_d123,2040,Battery,2_2to4h,6.90436606357738,17.71703212715476,41.0
sweep_c300_d123,2040,Battery,3_4to8h,1.7812119289648483,8.317647715859396,24.0
sweep_c300_d123,2040,Battery,4_8h,16.53763406527864,132.30107252222913,33.0
sweep_c300_d123,2040,Water,2_2to4h,0.25,0.9,1.0
sweep_c300_d123,2040,Water,3_4to8h,0.247,1.482,1.0
sweep_c300_d123,2040,Water,5_over8to24h,3.380692009386171,62.8441279116309,5.0
sweep_c300_d123,2040,Water,6_over24h,2.320483929216346,355.5832286023846,2.0
sweep_c300_d123,2050,Battery,1_under_2h,2.666772434514622,4.430172434514622,23.0
sweep_c300_d123,2050,Battery,2_2to4h,3.1548129828180267,8.184825965636055,29.0
sweep_c300_d123,2050,Battery,3_4to8h,1.4810510075003087,7.100204030001236,27.0
sweep_c300_d123,2050,Battery,4_8h,23.90420521531877,191.23364172255015,30.0
sweep_c300_d123,2050,Water,2_2to4h,0.25,0.9,1.0
sweep_c300_d123,2050,Water,3_4to8h,0.247,1.482,1.0
sweep_c300_d123,2050,Water,5_over8to24h,3.380692009386171,62.8441279116309,5.0
sweep_c300_d123,2050,Water,6_over24h,2.9040176129153936,383.5928454199389,4.0
sweep_c550_d087,2030,Battery,1_under_2h,5.165387030108776,7.726267030108775,32.0
sweep_c550_d087,2030,Battery,2_2to4h,6.9954813201668,17.8992626403336,38.0
sweep_c550_d087,2030,Battery,3_4to8h,1.7325976603135747,8.123190641254297,12.0
sweep_c550_d087,2030,Battery,4_8h,3.1364518104390857,25.091614483512686,18.0
sweep_c550_d087,2030,Battery,6_over24h,0.061200000000000004,2.7,1.0
sweep_c550_d087,2030,Water,2_2to4h,0.25,0.9,1.0
sweep_c550_d087,2030,Water,3_4to8h,0.247,1.482,1.0
sweep_c550_d087,2030,Water,5_over8to24h,3.378,62.802,3.0
sweep_c550_d087,2030,Water,6_over24h,2.2,349.8,1.0
sweep_c550_d087,2040,Battery,1_under_2h,5.004486734069803,7.474266734069802,29.0
sweep_c550_d087,2040,Battery,2_2to4h,6.890994793989052,17.690289587978107,36.0
sweep_c550_d087,2040,Battery,3_4to8h,1.745515209810182,8.174860839240727,15.0
sweep_c550_d087,2040,Battery,4_8h,10.54689212736293,84.37513701890344,33.0
sweep_c550_d087,2040,Water,2_2to4h,0.25,0.9,1.0
sweep_c550_d087,2040,Water,3_4to8h,0.247,1.482,1.0
sweep_c550_d087,2040,Water,5_over8to24h,3.378,62.802,3.0
sweep_c550_d087,2040,Water,6_over24h,2.35689207977158,357.3308198290358,2.0
sweep_c550_d087,2050,Battery,1_under_2h,2.648999703961027,4.412399703961028,12.0
sweep_c550_d087,2050,Battery,2_2to4h,3.130013473822253,8.135226947644504,18.0
sweep_c550_d087,2050,Battery,3_4to8h,1.432683061048416,6.906732244193664,12.0
sweep_c550_d087,2050,Battery,4_8h,14.867079780182994,118.93663824146395,30.0
sweep_c550_d087,2050,Water,2_2to4h,0.25,0.9,1.0
sweep_c550_d087,2050,Water,3_4to8h,0.247,1.482,1.0
sweep_c550_d087,2050,Water,5_over8to24h,3.378,62.802,3.0
sweep_c550_d087,2050,Water,6_over24h,2.515443809680738,364.9413028646755,4.0
sweep_c550_d100,2030,Battery,1_under_2h,5.16563246114537,7.7265124611453695,32.0
sweep_c550_d100,2030,Battery,2_2to4h,6.995652276038221,17.899604552076443,38.0
sweep_c550_d100,2030,Battery,3_4to8h,1.731256487911066,8.117825951644264,12.0
sweep_c550_d100,2030,Battery,4_8h,5.341084207330627,42.728673658645015,19.0
sweep_c550_d100,2030,Battery,6_over24h,0.061200000000000004,2.7,1.0
sweep_c550_d100,2030,Water,2_2to4h,0.25,0.9,1.0
sweep_c550_d100,2030,Water,3_4to8h,0.247,1.482,1.0
sweep_c550_d100,2030,Water,5_over8to24h,3.378,62.802,3.0
sweep_c550_d100,2030,Water,6_over24h,2.2,349.8,1.0
sweep_c550_d100,2040,Battery,1_under_2h,5.005029944472004,7.474809944472003,29.0
sweep_c550_d100,2040,Battery,2_2to4h,6.89440481281599,17.69710962563198,37.0
sweep_c550_d100,2040,Battery,3_4to8h,1.7496896147369234,8.191558458947695,17.0
sweep_c550_d100,2040,Battery,4_8h,13.606673699392285,108.85338959513828,34.0
sweep_c550_d100,2040,Water,2_2to4h,0.25,0.9,1.0
sweep_c550_d100,2040,Water,3_4to8h,0.247,1.482,1.0
sweep_c550_d100,2040,Water,5_over8to24h,3.3808156624648604,62.858313249297204,4.0
sweep_c550_d100,2040,Water,6_over24h,2.4386247553682128,361.2539882576742,2.0
sweep_c550_d100,2050,Battery,1_under_2h,2.6492974833266336,4.4126974833266335,12.0
sweep_c550_d100,2050,Battery,2_2to4h,3.133252536777769,8.141705073555539,19.0
sweep_c550_d100,2050,Battery,3_4to8h,1.437794754000278,6.927179016001112,15.0
sweep_c550_d100,2050,Battery,4_8h,18.034862363296757,144.27889890637405,29.0
sweep_c550_d100,2050,Water,2_2to4h,0.25,0.9,1.0
sweep_c550_d100,2050,Water,3_4to8h,0.247,1.482,1.0
sweep_c550_d100,2050,Water,5_over8to24h,3.3808156624648604,62.858313249297204,4.0
sweep_c550_d100,2050,Water,6_over24h,2.798004598877718,378.50422074613044,4.0
sweep_c550_d110,2030,Battery,1_under_2h,5.166546763892711,7.72742676389271,32.0
sweep_c550_d110,2030,Battery,2_2to4h,6.997862023184276,17.904024046368548,39.0
sweep_c550_d110,2030,Battery,3_4to8h,1.7376990959526057,8.143596383810422,13.0
sweep_c550_d110,2030,Battery,4_8h,6.978034483990925,55.8242758719274,19.0
sweep_c550_d110,2030,Battery,6_over24h,0.061200000000000004,2.7,1.0
sweep_c550_d110,2030,Water,2_2to4h,0.25,0.9,1.0
sweep_c550_d110,2030,Water,3_4to8h,0.247,1.482,1.0
sweep_c550_d110,2030,Water,5_over8to24h,3.378,62.802,3.0
sweep_c550_d110,2030,Water,6_over24h,2.2,349.8,1.0
sweep_c550_d110,2040,Battery,1_under_2h,5.005723012878676,7.475503012878676,29.0
sweep_c550_d110,2040,Battery,2_2to4h,6.897297378529859,17.702894757059717,39.0
sweep_c550_d110,2040,Battery,3_4to8h,1.757553612448292,8.223014449793167,17.0
sweep_c550_d110,2040,Battery,4_8h,15.546989384237119,124.37591507389695,34.0
sweep_c550_d110,2040,Water,2_2to4h,0.25,0.9,1.0
sweep_c550_d110,2040,Water,3_4to8h,0.247,1.482,1.0
sweep_c550_d110,2040,Water,5_over8to24h,3.378,62.802,3.0
sweep_c550_d110,2040,Water,6_over24h,2.8904850752866844,382.94328361376085,3.0
sweep_c550_d110,2050,Battery,1_under_2h,2.651548123953734,4.414948123953734,14.0
sweep_c550_d110,2050,Battery,2_2to4h,3.1363618237672375,8.147923647534475,22.0
sweep_c550_d110,2050,Battery,3_4to8h,1.4397430774991038,6.9349723099964145,14.0
sweep_c550_d110,2050,Battery,4_8h,20.746080665756445,165.96864532605156,30.0
sweep_c550_d110,2050,Water,2_2to4h,0.25,0.9,1.0
sweep_c550_d110,2050,Water,3_4to8h,0.247,1.482,1.0
sweep_c550_d110,2050,Water,5_over8to24h,3.378,62.802,3.0
sweep_c550_d110,2050,Water,6_over24h,3.01013721452484,388.6865862971924,5.0
sweep_c550_d123,2030,Battery,1_under_2h,5.166831313827241,7.72771131382724,33.0
sweep_c550_d123,2030,Battery,2_2to4h,6.99574899346045,17.899797986920902,38.0
sweep_c550_d123,2030,Battery,3_4to8h,1.7310561168787628,8.117024467515051,11.0
sweep_c550_d123,2030,Battery,4_8h,8.81174934516076,70.49399476128607,19.0
sweep_c550_d123,2030,Battery,6_over24h,0.061200000000000004,2.7,1.0
sweep_c550_d123,2030,Water,2_2to4h,0.25,0.9,1.0
sweep_c550_d123,2030,Water,3_4to8h,0.247,1.482,1.0
sweep_c550_d123,2030,Water,5_over8to24h,3.378,62.802,3.0
sweep_c550_d123,2030,Water,6_over24h,2.2,349.8,1.0
sweep_c550_d123,2040,Battery,1_under_2h,5.007316507905343,7.477096507905343,33.0
sweep_c550_d123,2040,Battery,2_2to4h,6.892356014639317,17.69301202927863,39.0
sweep_c550_d123,2040,Battery,3_4to8h,1.7570863044519602,8.221145217807843,21.0
sweep_c550_d123,2040,Battery,4_8h,18.757778089994687,150.0622247199575,34.0
sweep_c550_d123,2040,Water,2_2to4h,0.25,0.9,1.0
sweep_c550_d123,2040,Water,3_4to8h,0.247,1.482,1.0
sweep_c550_d123,2040,Water,5_over8to24h,3.3792953472963667,62.82790694592734,4.0
sweep_c550_d123,2040,Water,6_over24h,2.973953112044852,386.9497493781529,3.0
sweep_c550_d123,2050,Battery,1_under_2h,2.664859569614997,4.4282595696149984,23.0
sweep_c550_d123,2050,Battery,2_2to4h,3.1504163461556,8.176032692311201,31.0
sweep_c550_d123,2050,Battery,3_4to8h,1.4704526188923417,7.057810475569368,27.0
sweep_c550_d123,2050,Battery,4_8h,24.70673135113601,197.65385080908808,31.0
sweep_c550_d123,2050,Water,2_2to4h,0.25,0.9,1.0
sweep_c550_d123,2050,Water,3_4to8h,0.247,1.482,1.0
sweep_c550_d123,2050,Water,5_over8to24h,3.3792953472963667,62.82790694592734,4.0
sweep_c550_d123,2050,Water,6_over24h,3.241437796327421,399.78901422371615,7.0
