run_id,test1_zero_use,use_mwh,test3_dual_finite,test4_cap_tracking,realised_over_cap,cap_binding,termination_ok,model_status
idm_d100_i005_2030,True,0.0,True,True,1.0000000000000615,True,True,Optimal
idm_d100_i005_2040,True,0.0,True,True,0.9999999999998503,True,True,Optimal
idm_d100_i005_2050,True,0.0,True,True,1.0000000000000626,True,True,Optimal
idm_d100_i010_2030,True,0.0,True,True,1.0000000000002482,True,True,Optimal
idm_d100_i010_2040,True,0.0,True,True,1.0000000000000007,True,True,Optimal
idm_d100_i010_2050,True,0.0,True,True,1.0000000000000522,True,True,Optimal
idm_d100_i025_2030,True,0.0,True,True,0.999999999999695,True,True,Optimal
idm_d100_i025_2040,True,0.0,True,True,1.0000000000001095,True,True,Optimal
idm_d100_i025_2050,False,413.51885631385585,True,True,0.9999999999999041,True,True,Optimal
idm_d100_i045_2040,True,0.0,True,True,0.9999999999997292,True,True,Optimal
idm_d100_i050_2030,False,46.40394850021505,True,True,0.9999999999997231,True,True,Optimal
idm_d100_i050_2040,True,0.0,True,True,0.9999999999998941,True,True,Optimal
idm_d100_i050_2050,False,877.8818686087957,True,True,0.9999999999999808,True,True,Optimal
idm_d100_i100_2030,True,0.0,True,,0.9885777027573451,False,True,Optimal
idm_d100_i100_2040,True,0.0,True,,0.9857333776421716,False,True,Optimal
idm_d100_i100_2050,False,900.1604092014708,True,True,0.9920508393403592,True,True,Optimal
idm_d100_s005_2030,True,0.0,,,,,True,Optimal
idm_d100_s005_2040,True,0.0,,,,,True,Optimal
idm_d100_s005_2050,True,0.0,,,,,True,Optimal
idm_d100_s025_2030,True,0.0,,,,,True,Optimal
idm_d100_s025_2040,True,0.0,,,,,True,Optimal
idm_d100_s025_2050,False,462.42466603027765,,,,,True,Optimal
idm_d100_s100_2030,True,0.0,,,,,True,Optimal
idm_d100_s100_2040,True,0.0,,,,,True,Optimal
idm_d100_s100_2050,False,900.1604092014691,,,,,True,Optimal
idm_d100_u_2040,True,0.0,,,,,True,Optimal
idm_d105_i005_2030,True,0.0,True,True,1.0000000000000837,True,True,Optimal
idm_d105_i005_2040,True,0.0,True,True,1.000000000000079,True,True,Optimal
idm_d105_i005_2050,True,0.0,True,True,1.0000000000000406,True,True,Optimal
idm_d105_i025_2030,True,0.0,True,True,0.9999999999997045,True,True,Optimal
idm_d105_i025_2040,True,0.0,True,True,1.000000000000184,True,True,Optimal
idm_d105_i025_2050,False,451.6604840987778,True,True,0.9999999999998921,True,True,Optimal
idm_d105_i100_2030,False,41.14441940956889,True,True,0.9999999999998603,True,True,Optimal
idm_d105_i100_2040,True,0.0,True,True,0.9920241238530928,True,True,Optimal
idm_d105_i100_2050,False,932.9345638721569,True,True,0.9999999999999968,True,True,Optimal
idm_d110_i005_2030,True,0.0,True,True,0.9999999999999949,True,True,Optimal
idm_d110_i005_2040,True,0.0,True,True,1.0000000000000175,True,True,Optimal
idm_d110_i005_2050,True,0.0,True,True,1.0000000000000762,True,True,Optimal
idm_d110_i010_2030,True,0.0,True,True,1.0000000000000682,True,True,Optimal
idm_d110_i010_2040,True,0.0,True,True,1.000000000000051,True,True,Optimal
idm_d110_i010_2050,True,0.0,True,True,1.0000000000000373,True,True,Optimal
idm_d110_i025_2030,True,0.0,True,True,0.9999999999996997,True,True,Optimal
idm_d110_i025_2040,True,0.0,True,True,1.0000000000001945,True,True,Optimal
idm_d110_i025_2050,False,71.48968283638195,True,True,0.9999999999999304,True,True,Optimal
idm_d110_i050_2030,False,181.7699738489449,True,True,0.9999999999997639,True,True,Optimal
idm_d110_i050_2040,True,0.0,True,True,0.9999999999997594,True,True,Optimal
idm_d110_i050_2050,False,818.1205850008504,True,True,0.9999999999999137,True,True,Optimal
idm_d110_i100_2030,False,50.48453475016966,True,True,0.9999999999998825,True,True,Optimal
idm_d110_i100_2040,True,0.0,True,True,0.9980338836859673,True,True,Optimal
idm_d110_i100_2050,False,975.7291164891265,True,True,0.9999999999999438,True,True,Optimal
idm_d110_i150_2030,False,16.249017231740048,True,,0.7279071986916327,False,True,Optimal
idm_d110_i150_2040,True,0.0,True,,0.6653559224573119,False,True,Optimal
idm_d110_i150_2050,False,969.4071549262766,True,,0.6873194055575617,False,True,Optimal
idm_d120_i005_2030,True,0.0,True,True,1.0000000000000748,True,True,Optimal
idm_d120_i005_2040,True,0.0,True,True,1.0000000000000164,True,True,Optimal
idm_d120_i005_2050,True,0.0,True,True,0.9999999999999687,True,True,Optimal
idm_d120_i025_2030,True,0.0,True,True,0.9999999999996921,True,True,Optimal
idm_d120_i025_2040,True,0.0,True,True,0.9999999999998181,True,True,Optimal
idm_d120_i025_2050,False,182.57817861825808,True,True,0.9999999999999682,True,True,Optimal
idm_d120_i100_2030,False,205.4543899915958,True,True,0.9999999999999472,True,True,Optimal
idm_d120_i100_2040,True,0.0,True,,0.9519848713833752,False,True,Optimal
idm_d120_i100_2050,False,908.1303464502582,True,True,1.000000000000076,True,True,Optimal
idm_d135_i005_2030,True,0.0,True,True,1.0000000000000713,True,True,Optimal
idm_d135_i005_2040,True,0.0,True,True,1.0000000000000182,True,True,Optimal
idm_d135_i005_2050,True,0.0,True,True,0.999999999999977,True,True,Optimal
idm_d135_i025_2030,True,0.0,True,True,0.9999999999997321,True,True,Optimal
idm_d135_i025_2040,True,0.0,True,True,1.0000000000000702,True,True,Optimal
idm_d135_i025_2050,False,42.914020242552475,True,True,0.9999999999998724,True,True,Optimal
idm_d135_i100_2030,False,40.477861227982714,True,True,0.999999999999954,True,True,Optimal
idm_d135_i100_2040,True,0.0,True,,0.9415882310874917,False,True,Optimal
idm_d135_i100_2050,False,894.9928221012487,True,True,0.9999999999997579,True,True,Optimal
idm_d150_i005_2030,True,0.0,True,True,1.0000000000000677,True,True,Optimal
idm_d150_i005_2040,True,0.0,True,True,0.9999999999999404,True,True,Optimal
idm_d150_i005_2050,True,0.0,True,True,1.0000000000000662,True,True,Optimal
idm_d150_i010_2030,True,0.0,True,True,1.0000000000001164,True,True,Optimal
idm_d150_i010_2040,True,0.0,True,True,1.0000000000002285,True,True,Optimal
idm_d150_i010_2050,True,0.0,True,True,0.9999999999999464,True,True,Optimal
idm_d150_i025_2030,True,0.0,True,True,0.9993295199057969,True,True,Unknown
idm_d150_i025_2040,False,410.21524451180846,True,True,1.0000000000001674,True,True,Optimal
idm_d150_i025_2050,True,0.0,True,True,0.9999999999999601,True,True,Optimal
idm_d150_i050_2030,False,46.38408657450105,True,True,0.9999999999997571,True,True,Optimal
idm_d150_i050_2040,True,0.0,True,True,0.9999999999997551,True,True,Optimal
idm_d150_i050_2050,True,0.0,True,True,1.0000000000000315,True,True,Optimal
idm_d150_i100_2030,False,44.49910429306702,True,True,0.9999999999999774,True,True,Optimal
idm_d150_i100_2040,True,0.0,True,,0.9589266806944166,False,True,Optimal
idm_d150_i100_2050,False,560.3242382061034,True,True,0.9999999999999004,True,True,Optimal
idm_d150_i150_2030,False,34.903533179281474,True,,0.7018803412453203,False,True,Optimal
idm_d150_i150_2040,True,0.0,True,,0.6392844537962776,False,True,Optimal
idm_d150_i150_2050,False,804.5698142402482,True,,0.851936597988813,False,True,Optimal
