run_id,demand_level,cap_key,year,trace_directory,cap_t,share_min,solver_options,model_status,objective_value,pdlp_gap_rel,lp_rows,solve_s,wall_clock_s,network_path,record_path
idm_d100_i005_2030,d100,i005,2030,traces_d100,3735338.8953371774,,"{""BarConvTol"": 1e-08, ""Method"": 2}",Optimal,9772904560.0,,12030866,10904.434881499968,11572.670221399982,analysis\benchmarks\runs_myopic\idm_d100_i005_2030__cost_optimal\outputs\capacity_expansion.nc,analysis\benchmarks\records\idm_d100_i005_2030.json
idm_d100_i005_2040,d100,i005,2040,traces_d100,2159640.7581738317,,"{""BarConvTol"": 1e-08, ""Method"": 2}",Optimal,20235599700.0,,12598724,9734.583599800244,10305.618892299943,analysis\benchmarks\runs_myopic\idm_d100_i005_2040__cost_optimal\outputs\capacity_expansion.nc,analysis\benchmarks\records\idm_d100_i005_2040.json
idm_d100_i005_2050,d100,i005,2050,traces_d100,1201796.4149620624,,"{""BarConvTol"": 1e-08, ""Method"": 2}",Optimal,16758637500.0,,12646736,6352.673226699699,6961.886225599796,analysis\benchmarks\runs_myopic\idm_d100_i005_2050__cost_optimal\outputs\capacity_expansion.nc,analysis\benchmarks\records\idm_d100_i005_2050.json
idm_d100_i010_2030,d100,i010,2030,traces_d100,7470677.790674355,,"{""BarConvTol"": 1e-08, ""Method"": 2}",Optimal,8076097920.0,,12030866,13222.162793899886,13881.307461800054,analysis\benchmarks\runs_myopic\idm_d100_i010_2030__cost_optimal\outputs\capacity_expansion.nc,analysis\benchmarks\records\idm_d100_i010_2030.json
idm_d100_i010_2040,d100,i010,2040,traces_d100,4319281.5163476635,,"{""BarConvTol"": 1e-08, ""Method"": 2}",Optimal,18849632200.0,,12598724,14389.690739899874,14963.596813600045,analysis\benchmarks\runs_myopic\idm_d100_i010_2040__cost_optimal\outputs\capacity_expansion.nc,analysis\benchmarks\records\idm_d100_i010_2040.json
idm_d100_i010_2050,d100,i010,2050,traces_d100,2403592.8299241248,,"{""BarConvTol"": 1e-08, ""Method"": 2}",Optimal,14946956300.0,,12646736,6334.768882200122,6940.428921500221,analysis\benchmarks\runs_myopic\idm_d100_i010_2050__cost_optimal\outputs\capacity_expansion.nc,analysis\benchmarks\records\idm_d100_i010_2050.json
idm_d100_i025_2030,d100,i025,2030,traces_d100,18676694.476685885,,"{""BarConvTol"": 1e-08, ""Method"": 2}",Optimal,5915105990.0,,12030866,14146.326859800145,14753.39019750012,analysis\benchmarks\runs_myopic\idm_d100_i025_2030__cost_optimal\outputs\capacity_expansion.nc,analysis\benchmarks\records\idm_d100_i025_2030.json
idm_d100_i025_2040,d100,i025,2040,traces_d100,10798203.79,,"{""BarConvTol"": 1e-08, ""Method"": 2}",Optimal,16196559700.0,,12598724,11035.83689380018,11604.386216500308,analysis\benchmarks\runs_myopic\idm_d100_i025_2040__cost_optimal\outputs\capacity_expansion.nc,analysis\benchmarks\records\idm_d100_i025_2040.json
idm_d100_i025_2050,d100,i025,2050,traces_d100,6008982.074810312,,"{""BarConvTol"": 1e-08, ""Method"": 2}",Optimal,12568464000.0,,12646736,5854.908952299971,6454.63456019992,analysis\benchmarks\runs_myopic\idm_d100_i025_2050__cost_optimal\outputs\capacity_expansion.nc,analysis\benchmarks\records\idm_d100_i025_2050.json
idm_d100_i045_2040,d100,i045,2040,traces_d100,19436766.82,,"{""BarConvTol"": 1e-08, ""Method"": 2}",Optimal,14569699500.0,,12598724,10038.950727000367,10617.726980800275,analysis\benchmarks\runs_myopic\idm_d100_i045_2040__cost_optimal\outputs\capacity_expansion.nc,analysis\benchmarks\records\idm_d100_i045_2040.json
idm_d100_i050_2030,d100,i050,2030,traces_d100,37353388.95337177,,"{""BarConvTol"": 1e-08, ""Method"": 2}",Optimal,4069574110.0,,12030866,5242.825538400095,5870.237449700013,analysis\benchmarks\runs_myopic\idm_d100_i050_2030__cost_optimal\outputs\capacity_expansion.nc,analysis\benchmarks\records\idm_d100_i050_2030.json
idm_d100_i050_2040,d100,i050,2040,traces_d100,21596407.581738316,,"{""BarConvTol"": 1e-08, ""Method"": 2}",Optimal,14310483200.0,,12598724,9380.064187299926,10006.250586000271,analysis\benchmarks\runs_myopic\idm_d100_i050_2040__cost_optimal\outputs\capacity_expansion.nc,analysis\benchmarks\records\idm_d100_i050_2040.json
idm_d100_i050_2050,d100,i050,2050,traces_d100,12017964.149620624,,"{""BarConvTol"": 1e-08, ""Method"": 2}",Optimal,10656576700.0,,12646736,11843.187270999886,12470.365978800226,analysis\benchmarks\runs_myopic\idm_d100_i050_2050__cost_optimal\outputs\capacity_expansion.nc,analysis\benchmarks\records\idm_d100_i050_2050.json
idm_d100_i100_2030,d100,i100,2030,traces_d100,74706777.90674354,,"{""BarConvTol"": 1e-08, ""Method"": 2}",Optimal,2270587800.0,,12030866,2157.2230189000256,2788.358285000082,analysis\benchmarks\runs_myopic\idm_d100_i100_2030__cost_optimal\outputs\capacity_expansion.nc,analysis\benchmarks\records\idm_d100_i100_2030.json
idm_d100_i100_2040,d100,i100,2040,traces_d100,43192815.16347663,,"{""BarConvTol"": 1e-08, ""Method"": 2}",Optimal,12968824800.0,,12598724,7045.163538000081,7645.5482279001735,analysis\benchmarks\runs_myopic\idm_d100_i100_2040__cost_optimal\outputs\capacity_expansion.nc,analysis\benchmarks\records\idm_d100_i100_2040.json
idm_d100_i100_2050,d100,i100,2050,traces_d100,24035928.29924125,,"{""BarConvTol"": 1e-08, ""Method"": 2}",Optimal,9693494730.0,,12646736,3864.2441654996946,4479.64594240021,analysis\benchmarks\runs_myopic\idm_d100_i100_2050__cost_optimal\outputs\capacity_expansion.nc,analysis\benchmarks\records\idm_d100_i100_2050.json
idm_d100_s005_2030,d100,s005,2030,traces_d100,,0.939436,"{""BarConvTol"": 1e-08, ""Method"": 2}",Optimal,7760471280.0,,12030866,4956.357698100153,5569.339325300418,analysis\benchmarks\runs_myopic\idm_d100_s005_2030__cost_optimal\outputs\capacity_expansion.nc,analysis\benchmarks\records\idm_d100_s005_2030.json
idm_d100_s005_2040,d100,s005,2040,traces_d100,,0.927401,"{""BarConvTol"": 1e-08, ""Method"": 2}",Optimal,16337131100.0,,12598724,3515.1071615000255,4155.321229499765,analysis\benchmarks\runs_myopic\idm_d100_s005_2040__cost_optimal\outputs\capacity_expansion.nc,analysis\benchmarks\records\idm_d100_s005_2040.json
idm_d100_s005_2050,d100,s005,2050,traces_d100,,0.954117,"{""BarConvTol"": 1e-08, ""Method"": 2}",Optimal,13028301800.0,,12646736,3187.127711799927,3805.5855586999096,analysis\benchmarks\runs_myopic\idm_d100_s005_2050__cost_optimal\outputs\capacity_expansion.nc,analysis\benchmarks\records\idm_d100_s005_2050.json
idm_d100_s025_2030,d100,s025,2030,traces_d100,,0.878638,"{""BarConvTol"": 1e-08, ""Method"": 2}",Optimal,5335755620.0,,12030866,3494.423092499841,4197.392116399948,analysis\benchmarks\runs_myopic\idm_d100_s025_2030__cost_optimal\outputs\capacity_expansion.nc,analysis\benchmarks\records\idm_d100_s025_2030.json
idm_d100_s025_2040,d100,s025,2040,traces_d100,,0.899219,"{""BarConvTol"": 1e-08, ""Method"": 2}",Optimal,15167212200.0,,12598724,3816.0941677000374,4413.48822950013,analysis\benchmarks\runs_myopic\idm_d100_s025_2040__cost_optimal\outputs\capacity_expansion.nc,analysis\benchmarks\records\idm_d100_s025_2040.json
idm_d100_s025_2050,d100,s025,2050,traces_d100,,0.930936,"{""BarConvTol"": 1e-08, ""Method"": 2}",Optimal,11601930600.0,,12646736,3175.309433300048,3780.836274200119,analysis\benchmarks\runs_myopic\idm_d100_s025_2050__cost_optimal\outputs\capacity_expansion.nc,analysis\benchmarks\records\idm_d100_s025_2050.json
idm_d100_s100_2030,d100,s100,2030,traces_d100,,0.610568,"{""BarConvTol"": 1e-08, ""Method"": 2}",Optimal,2270587800.0,,12030866,1957.9877347000875,2548.097925900016,analysis\benchmarks\runs_myopic\idm_d100_s100_2030__cost_optimal\outputs\capacity_expansion.nc,analysis\benchmarks\records\idm_d100_s100_2030.json
idm_d100_s100_2040,d100,s100,2040,traces_d100,,0.750754,"{""BarConvTol"": 1e-08, ""Method"": 2}",Optimal,12968824800.0,,12598724,4401.148951299954,5024.747125799768,analysis\benchmarks\runs_myopic\idm_d100_s100_2040__cost_optimal\outputs\capacity_expansion.nc,analysis\benchmarks\records\idm_d100_s100_2040.json
idm_d100_s100_2050,d100,s100,2050,traces_d100,,0.816787,"{""BarConvTol"": 1e-08, ""Method"": 2}",Optimal,9693494730.0,,12646736,5586.012569299899,6215.344859799836,analysis\benchmarks\runs_myopic\idm_d100_s100_2050__cost_optimal\outputs\capacity_expansion.nc,analysis\benchmarks\records\idm_d100_s100_2050.json
idm_d100_u_2040,d100,u,2040,traces_d100,,,"{""BarConvTol"": 1e-08, ""Method"": 2}",Optimal,12968824800.0,,12598723,6173.121882899664,6776.1990694999695,analysis\benchmarks\runs_myopic\idm_d100_u_2040__cost_optimal\outputs\capacity_expansion.nc,analysis\benchmarks\records\idm_d100_u_2040.json
idm_d105_i005_2030,d105,i005,2030,traces_d105,3922105.8401040365,,"{""BarConvTol"": 1e-08, ""Method"": 2}",Optimal,11263988900.0,,12030866,9490.546625400428,10098.064187999815,analysis\benchmarks\runs_myopic\idm_d105_i005_2030__cost_optimal\outputs\capacity_expansion.nc,analysis\benchmarks\records\idm_d105_i005_2030.json
idm_d105_i005_2040,d105,i005,2040,traces_d105,2267622.7960825237,,"{""BarConvTol"": 1e-08, ""Method"": 2}",Optimal,22409263700.0,,12598724,10486.069079000037,11114.810459900182,analysis\benchmarks\runs_myopic\idm_d105_i005_2040__cost_optimal\outputs\capacity_expansion.nc,analysis\benchmarks\records\idm_d105_i005_2040.json
idm_d105_i005_2050,d105,i005,2050,traces_d105,1261886.2357101655,,"{""BarConvTol"": 1e-08, ""Method"": 2}",Optimal,19135540200.0,,12646736,3414.0648479000665,4038.748902599793,analysis\benchmarks\runs_myopic\idm_d105_i005_2050__cost_optimal\outputs\capacity_expansion.nc,analysis\benchmarks\records\idm_d105_i005_2050.json
idm_d105_i025_2030,d105,i025,2030,traces_d105,19610529.20052018,,"{""BarConvTol"": 1e-08, ""Method"": 2}",Optimal,7007548330.0,,12030866,30108.87248359993,30733.298618100118,analysis\benchmarks\runs_myopic\idm_d105_i025_2030__cost_optimal\outputs\capacity_expansion.nc,analysis\benchmarks\records\idm_d105_i025_2030.json
idm_d105_i025_2040,d105,i025,2040,traces_d105,11338113.980412615,,"{""BarConvTol"": 1e-08, ""Method"": 2}",Optimal,18078947100.0,,12598724,9156.023584899958,9783.349148900248,analysis\benchmarks\runs_myopic\idm_d105_i025_2040__cost_optimal\outputs\capacity_expansion.nc,analysis\benchmarks\records\idm_d105_i025_2040.json
idm_d105_i025_2050,d105,i025,2050,traces_d105,6309431.178550828,,"{""BarConvTol"": 1e-08, ""Method"": 2}",Optimal,14634837900.0,,12646736,12093.189940999728,12726.455056599807,analysis\benchmarks\runs_myopic\idm_d105_i025_2050__cost_optimal\outputs\capacity_expansion.nc,analysis\benchmarks\records\idm_d105_i025_2050.json
idm_d105_i100_2030,d105,i100,2030,traces_d105,78442116.80208072,,"{""BarConvTol"": 1e-08, ""Method"": 2}",Optimal,2865884530.0,,12030866,2282.1448415000923,2910.611505799927,analysis\benchmarks\runs_myopic\idm_d105_i100_2030__cost_optimal\outputs\capacity_expansion.nc,analysis\benchmarks\records\idm_d105_i100_2030.json
idm_d105_i100_2040,d105,i100,2040,traces_d105,45352455.92165046,,"{""BarConvTol"": 1e-08, ""Method"": 2}",Optimal,14514894900.0,,12598724,9755.608836099971,10399.562272100244,analysis\benchmarks\runs_myopic\idm_d105_i100_2040__cost_optimal\outputs\capacity_expansion.nc,analysis\benchmarks\records\idm_d105_i100_2040.json
idm_d105_i100_2050,d105,i100,2050,traces_d105,25237724.714203313,,"{""BarConvTol"": 1e-08, ""Method"": 2}",Optimal,11388027000.0,,12646736,8450.499132999685,9081.332953399979,analysis\benchmarks\runs_myopic\idm_d105_i100_2050__cost_optimal\outputs\capacity_expansion.nc,analysis\benchmarks\records\idm_d105_i100_2050.json
idm_d110_i005_2030,d110,i005,2030,traces_d110,4108872.7848708956,,"{""BarConvTol"": 1e-08, ""Method"": 2}",Optimal,12823067000.0,,12030866,7921.841905400157,8787.419522400014,analysis\benchmarks\runs_myopic\idm_d110_i005_2030__cost_optimal\outputs\capacity_expansion.nc,analysis\benchmarks\records\idm_d110_i005_2030.json
idm_d110_i005_2040,d110,i005,2040,traces_d110,2375604.833991215,,"{""BarConvTol"": 1e-08, ""Method"": 2}",Optimal,24643927600.0,,12598724,9240.704654200003,9836.73031949997,analysis\benchmarks\runs_myopic\idm_d110_i005_2040__cost_optimal\outputs\capacity_expansion.nc,analysis\benchmarks\records\idm_d110_i005_2040.json
idm_d110_i005_2050,d110,i005,2050,traces_d110,1321976.0564582688,,"{""BarConvTol"": 1e-08, ""Method"": 2}",Optimal,21563518400.0,,12646736,6842.679359099828,7465.9916511001065,analysis\benchmarks\runs_myopic\idm_d110_i005_2050__cost_optimal\outputs\capacity_expansion.nc,analysis\benchmarks\records\idm_d110_i005_2050.json
idm_d110_i010_2030,d110,i010,2030,traces_d110,8217745.569741791,,"{""BarConvTol"": 1e-08, ""Method"": 2}",Optimal,10846775500.0,,12030866,15744.026635999791,16412.743238400202,analysis\benchmarks\runs_myopic\idm_d110_i010_2030__cost_optimal\outputs\capacity_expansion.nc,analysis\benchmarks\records\idm_d110_i010_2030.json
idm_d110_i010_2040,d110,i010,2040,traces_d110,4751209.66798243,,"{""BarConvTol"": 1e-08, ""Method"": 2}",Optimal,23085419900.0,,12598724,3581.5305123999715,4179.36625259975,analysis\benchmarks\runs_myopic\idm_d110_i010_2040__cost_optimal\outputs\capacity_expansion.nc,analysis\benchmarks\records\idm_d110_i010_2040.json
idm_d110_i010_2050,d110,i010,2050,traces_d110,2643952.1129165376,,"{""BarConvTol"": 1e-08, ""Method"": 2}",Optimal,19395664800.0,,12646736,5742.395246299915,6354.026220799889,analysis\benchmarks\runs_myopic\idm_d110_i010_2050__cost_optimal\outputs\capacity_expansion.nc,analysis\benchmarks\records\idm_d110_i010_2050.json
idm_d110_i025_2030,d110,i025,2030,traces_d110,20544363.924354475,,"{""BarConvTol"": 1e-08, ""Method"": 2}",Optimal,8130592330.0,,12030866,11734.368970000185,12503.982395899948,analysis\benchmarks\runs_myopic\idm_d110_i025_2030__cost_optimal\outputs\capacity_expansion.nc,analysis\benchmarks\records\idm_d110_i025_2030.json
idm_d110_i025_2040,d110,i025,2040,traces_d110,11878024.169956075,,"{""BarConvTol"": 1e-08, ""Method"": 2}",Optimal,20024033000.0,,12598724,14351.713546299841,14976.913777500391,analysis\benchmarks\runs_myopic\idm_d110_i025_2040__cost_optimal\outputs\capacity_expansion.nc,analysis\benchmarks\records\idm_d110_i025_2040.json
idm_d110_i025_2050,d110,i025,2050,traces_d110,6609880.282291343,,"{""BarConvTol"": 1e-08, ""Threads"": 40, ""Method"": 2}",Optimal,16758475200.0,,12646736,12640.839593600016,13248.796182900202,analysis\benchmarks\runs_myopic\idm_d110_i025_2050__cost_optimal\outputs\capacity_expansion.nc,analysis\benchmarks\records\idm_d110_i025_2050.json
idm_d110_i050_2030,d110,i050,2030,traces_d110,41088727.84870895,,"{""BarConvTol"": 1e-08, ""Method"": 2}",Optimal,5825802650.0,,12030866,2556.6855005999096,3269.174424600322,analysis\benchmarks\runs_myopic\idm_d110_i050_2030__cost_optimal\outputs\capacity_expansion.nc,analysis\benchmarks\records\idm_d110_i050_2030.json
idm_d110_i050_2040,d110,i050,2040,traces_d110,23756048.33991215,,"{""BarConvTol"": 1e-08, ""Method"": 2}",Optimal,17646284800.0,,12598724,5143.914061400108,5724.929170000367,analysis\benchmarks\runs_myopic\idm_d110_i050_2040__cost_optimal\outputs\capacity_expansion.nc,analysis\benchmarks\records\idm_d110_i050_2040.json
idm_d110_i050_2050,d110,i050,2050,traces_d110,13219760.564582687,,"{""BarConvTol"": 1e-08, ""Method"": 2}",Optimal,14475690600.0,,12646736,35195.234124799725,35824.64720280003,analysis\benchmarks\runs_myopic\idm_d110_i050_2050__cost_optimal\outputs\capacity_expansion.nc,analysis\benchmarks\records\idm_d110_i050_2050.json
idm_d110_i100_2030,d110,i100,2030,traces_d110,82177455.6974179,,"{""BarConvTol"": 1e-08, ""Method"": 2}",Optimal,3552849550.0,,12030866,2452.5958046996966,3120.6941688000225,analysis\benchmarks\runs_myopic\idm_d110_i100_2030__cost_optimal\outputs\capacity_expansion.nc,analysis\benchmarks\records\idm_d110_i100_2030.json
idm_d110_i100_2040,d110,i100,2040,traces_d110,47512096.6798243,,"{""BarConvTol"": 1e-08, ""Method"": 2}",Optimal,16078811100.0,,12598724,6166.877274000086,6797.824467099737,analysis\benchmarks\runs_myopic\idm_d110_i100_2040__cost_optimal\outputs\capacity_expansion.nc,analysis\benchmarks\records\idm_d110_i100_2040.json
idm_d110_i100_2050,d110,i100,2050,traces_d110,26439521.129165374,,"{""BarConvTol"": 1e-08, ""Method"": 2}",Optimal,13157094900.0,,12646736,11492.031476899981,12125.068372200243,analysis\benchmarks\runs_myopic\idm_d110_i100_2050__cost_optimal\outputs\capacity_expansion.nc,analysis\benchmarks\records\idm_d110_i100_2050.json
idm_d110_i150_2030,d110,i150,2030,traces_d110,123266183.55,,"{""BarConvTol"": 1e-08, ""Method"": 2}",Optimal,3446535140.0,,12030866,2042.0172472000122,2680.2060322999023,analysis\benchmarks\runs_myopic\idm_d110_i150_2030__cost_optimal\outputs\capacity_expansion.nc,analysis\benchmarks\records\idm_d110_i150_2030.json
idm_d110_i150_2040,d110,i150,2040,traces_d110,71268145.01973645,,"{""BarConvTol"": 1e-08, ""Method"": 2}",Optimal,16078811200.0,,12598724,5198.986577599775,5812.822044599801,analysis\benchmarks\runs_myopic\idm_d110_i150_2040__cost_optimal\outputs\capacity_expansion.nc,analysis\benchmarks\records\idm_d110_i150_2040.json
idm_d110_i150_2050,d110,i150,2050,traces_d110,39659281.693748064,,"{""BarConvTol"": 1e-08, ""Method"": 2}",Optimal,13151914700.0,,12646736,7223.358415900264,7848.03791990038,analysis\benchmarks\runs_myopic\idm_d110_i150_2050__cost_optimal\outputs\capacity_expansion.nc,analysis\benchmarks\records\idm_d110_i150_2050.json
idm_d120_i005_2030,d120,i005,2030,traces_d120,4482406.674404613,,"{""BarConvTol"": 1e-08, ""Method"": 2}",Optimal,16073558300.0,,12030866,16307.872400400229,16914.879331400152,analysis\benchmarks\runs_myopic\idm_d120_i005_2030__cost_optimal\outputs\capacity_expansion.nc,analysis\benchmarks\records\idm_d120_i005_2030.json
idm_d120_i005_2040,d120,i005,2040,traces_d120,2591568.909808598,,"{""BarConvTol"": 1e-08, ""Method"": 2}",Optimal,29309994900.0,,12598724,17456.418019300327,18073.10403149994,analysis\benchmarks\runs_myopic\idm_d120_i005_2040__cost_optimal\outputs\capacity_expansion.nc,analysis\benchmarks\records\idm_d120_i005_2040.json
idm_d120_i005_2050,d120,i005,2050,traces_d120,1442155.6979544747,,"{""BarConvTol"": 1e-08, ""Method"": 2}",Optimal,26584789800.0,,12646736,7369.5676363999955,8043.811682799831,analysis\benchmarks\runs_myopic\idm_d120_i005_2050__cost_optimal\outputs\capacity_expansion.nc,analysis\benchmarks\records\idm_d120_i005_2050.json
idm_d120_i025_2030,d120,i025,2030,traces_d120,22412033.37202306,,"{""BarConvTol"": 1e-08, ""Method"": 2}",Optimal,10571320700.0,,12030866,11938.995679699816,12537.836769100279,analysis\benchmarks\runs_myopic\idm_d120_i025_2030__cost_optimal\outputs\capacity_expansion.nc,analysis\benchmarks\records\idm_d120_i025_2030.json
idm_d120_i025_2040,d120,i025,2040,traces_d120,12957844.549042989,,"{""BarConvTol"": 1e-08, ""Method"": 2}",Optimal,24157061600.0,,12598724,17269.490999300033,17875.427879599854,analysis\benchmarks\runs_myopic\idm_d120_i025_2040__cost_optimal\outputs\capacity_expansion.nc,analysis\benchmarks\records\idm_d120_i025_2040.json
idm_d120_i025_2050,d120,i025,2050,traces_d120,7210778.489772375,,"{""BarConvTol"": 1e-08, ""Method"": 2}",Optimal,21206066400.0,,12646736,28988.52278660005,29608.72847829992,analysis\benchmarks\runs_myopic\idm_d120_i025_2050__cost_optimal\outputs\capacity_expansion.nc,analysis\benchmarks\records\idm_d120_i025_2050.json
idm_d120_i100_2030,d120,i100,2030,traces_d120,89648133.48809224,,"{""BarConvTol"": 1e-08, ""Method"": 2}",Optimal,5071041650.0,,12030866,3086.070215600077,3705.212698500138,analysis\benchmarks\runs_myopic\idm_d120_i100_2030__cost_optimal\outputs\capacity_expansion.nc,analysis\benchmarks\records\idm_d120_i100_2030.json
idm_d120_i100_2040,d120,i100,2040,traces_d120,51831378.196171954,,"{""BarConvTol"": 1e-08, ""Method"": 2}",Optimal,19346835000.0,,12598724,8146.099768400192,8759.862291300204,analysis\benchmarks\runs_myopic\idm_d120_i100_2040__cost_optimal\outputs\capacity_expansion.nc,analysis\benchmarks\records\idm_d120_i100_2040.json
idm_d120_i100_2050,d120,i100,2050,traces_d120,28843113.9590895,,"{""BarConvTol"": 1e-08, ""Method"": 2}",Optimal,16900599200.0,,12646736,13431.659403799567,14034.563020799775,analysis\benchmarks\runs_myopic\idm_d120_i100_2050__cost_optimal\outputs\capacity_expansion.nc,analysis\benchmarks\records\idm_d120_i100_2050.json
idm_d135_i005_2030,d135,i005,2030,traces_d135,5042707.508705189,,"{""BarConvTol"": 1e-08, ""Method"": 2}",Optimal,21223880500.0,,12030866,10442.660811499692,11044.342135299928,analysis\benchmarks\runs_myopic\idm_d135_i005_2030__cost_optimal\outputs\capacity_expansion.nc,analysis\benchmarks\records\idm_d135_i005_2030.json
idm_d135_i005_2040,d135,i005,2040,traces_d135,2915515.0235346733,,"{""BarConvTol"": 1e-08, ""Method"": 2}",Optimal,36718419100.0,,12598724,15706.3209241,16317.760126099922,analysis\benchmarks\runs_myopic\idm_d135_i005_2040__cost_optimal\outputs\capacity_expansion.nc,analysis\benchmarks\records\idm_d135_i005_2040.json
idm_d135_i005_2050,d135,i005,2050,traces_d135,1622425.1601987844,,"{""BarConvTol"": 1e-08, ""Method"": 2}",Optimal,34892583700.0,,12646736,4291.837538100313,4925.4720300002955,analysis\benchmarks\runs_myopic\idm_d135_i005_2050__cost_optimal\outputs\capacity_expansion.nc,analysis\benchmarks\records\idm_d135_i005_2050.json
idm_d135_i025_2030,d135,i025,2030,traces_d135,25213537.543525945,,"{""BarConvTol"": 1e-08, ""Method"": 2}",Optimal,14542340900.0,,12030866,21810.31387169985,22419.675664999988,analysis\benchmarks\runs_myopic\idm_d135_i025_2030__cost_optimal\outputs\capacity_expansion.nc,analysis\benchmarks\records\idm_d135_i025_2030.json
idm_d135_i025_2040,d135,i025,2040,traces_d135,14577575.117673364,,"{""BarConvTol"": 1e-08, ""Method"": 2}",Optimal,30698357600.0,,12598724,15421.900926799979,16339.477019700222,analysis\benchmarks\runs_myopic\idm_d135_i025_2040__cost_optimal\outputs\capacity_expansion.nc,analysis\benchmarks\records\idm_d135_i025_2040.json
idm_d135_i025_2050,d135,i025,2050,traces_d135,8112125.800993922,,"{""BarConvTol"": 1e-08, ""Method"": 2}",Optimal,28276737800.0,,12646736,32030.2067987998,32665.97373470012,analysis\benchmarks\runs_myopic\idm_d135_i025_2050__cost_optimal\outputs\capacity_expansion.nc,analysis\benchmarks\records\idm_d135_i025_2050.json
idm_d135_i100_2030,d135,i100,2030,traces_d135,100854150.17410378,,"{""BarConvTol"": 1e-08, ""Method"": 2}",Optimal,7774947110.0,,12030866,11889.764719299972,12499.555884399917,analysis\benchmarks\runs_myopic\idm_d135_i100_2030__cost_optimal\outputs\capacity_expansion.nc,analysis\benchmarks\records\idm_d135_i100_2030.json
idm_d135_i100_2040,d135,i100,2040,traces_d135,58310300.470693454,,"{""BarConvTol"": 1e-08, ""Method"": 2}",Optimal,24442108900.0,,12598724,16804.027245899662,17547.676966500003,analysis\benchmarks\runs_myopic\idm_d135_i100_2040__cost_optimal\outputs\capacity_expansion.nc,analysis\benchmarks\records\idm_d135_i100_2040.json
idm_d135_i100_2050,d135,i100,2050,traces_d135,32448503.20397569,,"{""BarConvTol"": 1e-08, ""Method"": 2}",Optimal,22743193100.0,,12646736,30580.690838499926,31190.581318699755,analysis\benchmarks\runs_myopic\idm_d135_i100_2050__cost_optimal\outputs\capacity_expansion.nc,analysis\benchmarks\records\idm_d135_i100_2050.json
idm_d150_i005_2030,d150,i005,2030,traces_d150,5603008.343005766,,"{""BarConvTol"": 1e-08, ""Method"": 2}",Optimal,26770223500.0,,12030866,14517.779547899961,15126.166746600065,analysis\benchmarks\runs_myopic\idm_d150_i005_2030__cost_optimal\outputs\capacity_expansion.nc,analysis\benchmarks\records\idm_d150_i005_2030.json
idm_d150_i005_2040,d150,i005,2040,traces_d150,3239461.1372607476,,"{""BarConvTol"": 1e-08, ""Method"": 2}",Optimal,44704695900.0,,12598724,26312.448396600317,26931.512226099614,analysis\benchmarks\runs_myopic\idm_d150_i005_2040__cost_optimal\outputs\capacity_expansion.nc,analysis\benchmarks\records\idm_d150_i005_2040.json
idm_d150_i005_2050,d150,i005,2050,traces_d150,1802694.6224430935,,"{""BarConvTol"": 1e-08, ""Method"": 2}",Optimal,45087584200.0,,12646736,15621.507567200344,16256.741490400396,analysis\benchmarks\runs_myopic\idm_d150_i005_2050__cost_optimal\outputs\capacity_expansion.nc,analysis\benchmarks\records\idm_d150_i005_2050.json
idm_d150_i010_2030,d150,i010,2030,traces_d150,11206016.686011532,,"{""BarConvTol"": 1e-08, ""Method"": 2}",Optimal,23851450700.0,,12030866,10458.301865799818,11084.891186400317,analysis\benchmarks\runs_myopic\idm_d150_i010_2030__cost_optimal\outputs\capacity_expansion.nc,analysis\benchmarks\records\idm_d150_i010_2030.json
idm_d150_i010_2040,d150,i010,2040,traces_d150,6478922.274521495,,"{""BarConvTol"": 1e-08, ""Method"": 2}",Optimal,42212518200.0,,12598724,21832.290956099983,22445.277484099846,analysis\benchmarks\runs_myopic\idm_d150_i010_2040__cost_optimal\outputs\capacity_expansion.nc,analysis\benchmarks\records\idm_d150_i010_2040.json
idm_d150_i010_2050,d150,i010,2050,traces_d150,3605389.244886187,,"{""BarConvTol"": 1e-08, ""Method"": 2}",Optimal,40234953900.0,,12646736,27518.39792919997,28165.565330199897,analysis\benchmarks\runs_myopic\idm_d150_i010_2050__cost_optimal\outputs\capacity_expansion.nc,analysis\benchmarks\records\idm_d150_i010_2050.json
idm_d150_i025_2030,d150,i025,2030,traces_d150,28015041.71502883,,"{""solver"": ""pdlp"", ""pdlp_optimality_tolerance"": 0.003, ""primal_feasibility_tolerance"": 0.003, ""dual_feasibility_tolerance"": 0.003}",Unknown,18942995845.0,0.00298,12030866,9355.091628300026,9963.895392800216,analysis\benchmarks\runs_myopic\idm_d150_i025_2030__cost_optimal\outputs\capacity_expansion.nc,analysis\benchmarks\records\idm_d150_i025_2030.json
idm_d150_i025_2040,d150,i025,2040,traces_d150,16197305.686303737,,"{""BarConvTol"": 1e-08, ""Method"": 2}",Optimal,37713830000.0,,12598724,29430.652439400088,30043.39107210003,analysis\benchmarks\runs_myopic\idm_d150_i025_2040__cost_optimal\outputs\capacity_expansion.nc,analysis\benchmarks\records\idm_d150_i025_2040.json
idm_d150_i025_2050,d150,i025,2050,traces_d150,9013473.112215469,,"{""BarConvTol"": 1e-08, ""Method"": 2}",Optimal,36120358300.0,,12646736,27098.176027200185,27999.86070569977,analysis\benchmarks\runs_myopic\idm_d150_i025_2050__cost_optimal\outputs\capacity_expansion.nc,analysis\benchmarks\records\idm_d150_i025_2050.json
idm_d150_i050_2030,d150,i050,2030,traces_d150,56030083.43005766,,"{""BarConvTol"": 1e-08, ""Method"": 2}",Optimal,14507656200.0,,12030866,23226.79496670002,23866.016586800106,analysis\benchmarks\runs_myopic\idm_d150_i050_2030__cost_optimal\outputs\capacity_expansion.nc,analysis\benchmarks\records\idm_d150_i050_2030.json
idm_d150_i050_2040,d150,i050,2040,traces_d150,32394611.372607473,,"{""BarConvTol"": 1e-08, ""Method"": 2}",Optimal,32858735700.0,,12598724,5587.894526700024,6185.538029999938,analysis\benchmarks\runs_myopic\idm_d150_i050_2040__cost_optimal\outputs\capacity_expansion.nc,analysis\benchmarks\records\idm_d150_i050_2040.json
idm_d150_i050_2050,d150,i050,2050,traces_d150,18026946.224430937,,"{""BarConvTol"": 1e-08, ""Threads"": 40, ""Method"": 2}",Optimal,32353260000.0,,12646736,7667.0347411003895,8269.922218100168,analysis\benchmarks\runs_myopic\idm_d150_i050_2050__cost_optimal\outputs\capacity_expansion.nc,analysis\benchmarks\records\idm_d150_i050_2050.json
idm_d150_i100_2030,d150,i100,2030,traces_d150,112060166.86011532,,"{""BarConvTol"": 1e-08, ""Method"": 2}",Optimal,10921133900.0,,12030866,2387.2285267999396,2977.761010600254,analysis\benchmarks\runs_myopic\idm_d150_i100_2030__cost_optimal\outputs\capacity_expansion.nc,analysis\benchmarks\records\idm_d150_i100_2030.json
idm_d150_i100_2040,d150,i100,2040,traces_d150,64789222.74521495,,"{""BarConvTol"": 1e-08, ""Method"": 2}",Optimal,29635611400.0,,12598724,6725.517560099717,7291.683526800014,analysis\benchmarks\runs_myopic\idm_d150_i100_2040__cost_optimal\outputs\capacity_expansion.nc,analysis\benchmarks\records\idm_d150_i100_2040.json
idm_d150_i100_2050,d150,i100,2050,traces_d150,36053892.448861875,,"{""BarConvTol"": 1e-08, ""Method"": 2}",Optimal,28798576200.0,,12646736,26396.91999730002,27013.308329799678,analysis\benchmarks\runs_myopic\idm_d150_i100_2050__cost_optimal\outputs\capacity_expansion.nc,analysis\benchmarks\records\idm_d150_i100_2050.json
idm_d150_i150_2030,d150,i150,2030,traces_d150,168090250.290173,,"{""BarConvTol"": 1e-08, ""Method"": 2}",Optimal,10883698700.0,,12030866,3118.4570239000022,3751.384619699791,analysis\benchmarks\runs_myopic\idm_d150_i150_2030__cost_optimal\outputs\capacity_expansion.nc,analysis\benchmarks\records\idm_d150_i150_2030.json
idm_d150_i150_2040,d150,i150,2040,traces_d150,97183834.11782242,,"{""BarConvTol"": 1e-08, ""Method"": 2}",Optimal,29635611400.0,,12598724,7113.323371900246,7717.29563840013,analysis\benchmarks\runs_myopic\idm_d150_i150_2040__cost_optimal\outputs\capacity_expansion.nc,analysis\benchmarks\records\idm_d150_i150_2040.json
idm_d150_i150_2050,d150,i150,2050,traces_d150,54080838.673292816,,"{""BarConvTol"": 1e-08, ""Method"": 2}",Optimal,28397186200.0,,12646736,11486.674897500314,12091.19448080007,analysis\benchmarks\runs_myopic\idm_d150_i150_2050__cost_optimal\outputs\capacity_expansion.nc,analysis\benchmarks\records\idm_d150_i150_2050.json
