demand_level,cap_key,year,run_id,delivered_twh,generation_twh,twh_biomass,share_biomass_pct,twh_black_coal,share_black_coal_pct,twh_brown_coal,share_brown_coal_pct,twh_gas_ccs,share_gas_ccs_pct,twh_gas_unabated,share_gas_unabated_pct,twh_liquid_fuel,share_liquid_fuel_pct,twh_solar,share_solar_pct,twh_water,share_water_pct,twh_wind,share_wind_pct,gw_biomass,gw_black_coal,gw_gas_ccs,gw_gas_unabated,gw_solar,gw_water,gw_wind,gw_storage_battery,gw_storage_water,r_total_pct,r_vre_pct,use_mwh,residual_co2e_t,captured_co2_t,intensity_delivered_t_per_mwh,intensity_generated_t_per_mwh,demand_marginal_aud_per_mwh,co2_cap_dual_raw,objective_weight,implied_carbon_price_aud_per_t,share_min_dual_raw,rec_co2_cap_annual_t,rec_annual_residual_co2e_t,rec_model_status,rec_objective_value,rec_solve_s,rec_wall_clock_s,rec_lp_rows,rec_gurobi_barrier_iterations,rec_status,existing_fleet_fom_aud_per_yr,cost_per_mwh_excl_fuel_carbon,diagnostic_bundled_cost_per_mwh,diagnostic_fuel_cost_per_mwh,tolerance_robust,annual_generation_twh,diagnostic_carbon_cost_per_mwh,carried_capex_aud_per_yr,demand_scalar,cap_mult,avg_cost_aud_per_mwh,total_cost_aud_per_yr,gw_brown_coal,rec_renewable_share_min,gw_liquid_fuel,rec_pdlp_final_gap_rel,rec_pdlp_final_pinf_rel,rec_pdlp_final_dinf_rel
d100,i005,2030,idm_d100_i005_2030,188.94089324068892,200.0082243674351,1.7108581974777235,0.855393923369224,0.03689253824148777,0.018445510607460067,0.0,0.0,3.775346553575487,1.8875956553865494,8.301143304898371,4.150400980335859,0.0,0.0,59.24357631796645,29.620570106722248,12.988939999998943,6.494202946443322,113.95146745527663,56.97339087713532,0.3999116905580496,0.5125873985243139,0.9682112997415406,9.097027277905697,29.688596719015436,6.8853,37.2539011083041,19.253813279687098,6.075,93.94355785367013,86.59396098385757,0.0,3735338.8953374075,1582745.0884596014,0.019769880576244635,0.018675926488278885,166.90396855455657,-596.9092344761771,1.0,596.9092344761771,0.0,3735338.8953371774,3735338.895337408,Optimal,9772904560.0,10904.434881499968,11572.670221399982,12030866,182.0,completed,2806471583.7644186,78.90240249098112,71.25324878426625,7.204547552066095,True,188.94089324068892,0.0,0.0,1.0,0.05,86.1069500430472,16269124055.364717,0.0,,0.0,,,
d100,i005,2040,idm_d100_i005_2040,237.69323381204111,255.45364361027862,1.7108581974776667,0.6697333313780252,0.05703875460557313,0.022328416928979782,0.0,0.0,15.051196119494511,5.891948107209891,3.43757029126631,1.3456728362468318,1.1048693988166724e-07,4.3251267948335345e-08,112.05698113531074,43.865877014565285,12.769519999999835,4.998762131371702,110.37047900163705,43.20567811904802,0.29761965669392937,0.3646313079808327,4.394723833329847,6.046351263244602,54.15177621279471,5.776526866665004,39.59329059177297,30.563848533305393,6.842915716007353,92.74005059636302,87.0715551336133,0.0,2159640.7581735086,6309939.073278198,0.00908583186630071,0.008454139575586824,188.35405097068747,-844.7420473479606,1.0,844.7420473479606,0.0,2159640.7581738317,2159640.75817351,Optimal,20235599700.0,9734.583599800244,10305.618892299943,12598724,172.0,completed,2476558768.0133724,97.00389359583518,95.05573980707841,8.976578074106698,True,237.69323381204114,0.0,120176077.00008881,1.0,0.05,105.98047166994188,25190841032.153893,0.0,,0.0,,,
d100,i005,2050,idm_d100_i005_2050,251.9382881735692,269.6453509177541,1.710858197477709,0.6344845893521622,0.0,0.0,0.0,0.0,10.577522072346117,3.922753363388201,1.7946697999229237,0.6655667504797163,0.0,0.0,100.01093013013605,37.089803250730206,9.833819999998694,3.646945874100443,145.71755071787263,54.04044617194926,0.34172579025379557,0.0,4.736079997176079,10.662930587132008,50.71989483330391,5.776526866665004,44.89512245851258,27.176711992446453,8.503087548563292,95.41167988613208,91.13024942267948,0.0,1201796.4149621376,4434432.937612995,0.004770201558780845,0.004456952107172445,196.5025816138506,-2284.038030094832,1.0,2284.038030094832,0.0,1201796.4149620624,1201796.4149621387,Optimal,16758637500.0,6352.673226699699,6961.886225599796,12646736,193.0,completed,2105862864.5241427,109.49656017578309,74.61817846329004,5.6084241112210105,True,251.93828817356922,0.0,8094313688.318074,1.0,0.05,115.1049842870041,28999352701.51339,0.0,,0.0,,,
d100,i010,2030,idm_d100_i010_2030,188.94089324068892,197.28620374115354,1.7108581974777026,0.8671960659359682,2.0320597697626748,1.0300060172625192,0.0,0.0,0.0,0.0,14.214435985698628,7.204982262393001,0.0,0.0,54.49103897248215,27.620298804054393,12.988939999999175,6.5838055341371575,111.84887081573324,56.69371131621696,0.36147460019775046,2.985560515467118,0.0,9.016945789490206,26.648869569012152,6.8853,35.82864368141914,17.09197547286588,6.075,91.76501172034448,84.31401012027136,0.0,7470677.79067621,0.0,0.03953976115249666,0.03786720839576802,153.0705035717541,-320.4994688864661,1.0,320.4994688864661,0.0,7470677.790674355,7470677.790676211,Optimal,8076097920.0,13222.162793899886,13881.307461800054,12030866,179.0,completed,2865221388.98891,69.32308824998572,62.30130785401751,8.14286363553295,True,188.94089324068892,0.0,0.0,1.0,0.1,77.46595188551866,14636486144.990128,0.0,,0.0,,,
d100,i010,2040,idm_d100_i010_2040,237.69323381204111,254.62878605614353,1.710858197477657,0.6719028998946047,0.6448028935616622,0.2532325207800694,0.10809881042475489,0.04245349164918062,11.763191627028625,4.619741471192083,7.8172056679336075,3.0700400331838282,1.6745676825815192e-07,6.57650577736443e-08,110.9680972189188,43.58034255971799,12.769519999999577,5.014955377898241,108.84701147334209,42.74733157991895,0.27999140707945747,1.2493923228723234,2.647719149463806,6.9343223467757245,53.19512294146463,5.776526866665004,38.83680800255368,29.946077922089327,6.441942581571778,92.01453241742979,86.32767413963694,0.0,4319281.516347666,4931503.242968817,0.018171663732604152,0.016963052698194543,183.59192511923834,-532.4364637460776,1.0,532.4364637460776,0.0,4319281.5163476635,4319281.516347667,Optimal,18849632200.0,14389.690739899874,14963.596813600045,12598724,156.0,completed,2580750213.05441,91.43380220588635,89.27638460228899,9.205658436633087,True,237.69323381204114,0.0,120176077.00008881,1.0,0.1,100.63946064251944,23921318849.22008,0.7459470803420554,,0.0,,,
d100,i010,2050,idm_d100_i010_2050,251.9382881735692,267.6040696913717,1.710858197477702,0.6393244315943468,0.0,0.0,0.0,0.0,11.323483286578687,4.231431644383467,4.871529500566278,1.8204242955589662,0.0,0.0,97.24520705469311,36.33921082248345,9.833819999999179,3.674764741560374,142.61917165205674,53.29484406441939,0.3272417330610905,0.0,3.6801760785550295,10.662930587132008,49.18113823221866,5.776526866665004,44.11522085934704,26.70579317893781,6.433190313897272,93.94814406005756,89.63405488690283,0.0,2403592.82992425,4747163.552207778,0.00954040311756159,0.008981899388511985,180.6881431524093,-957.6848895089986,1.0,957.6848895089986,0.0,2403592.8299241248,2403592.829924251,Optimal,14946956300.0,6334.768882200122,6940.428921500221,12646736,223.0,completed,2125214400.8698053,100.85215467406653,67.39721249631488,7.108674266872614,True,251.93828817356922,0.0,8094313688.318074,1.0,0.1,107.96082894093914,27199466433.179733,0.0,,0.0,,,
d100,i025,2030,idm_d100_i025_2030,188.94089324068892,195.441857587115,0.1736446991632211,0.08884724147989731,11.24047447481863,5.751313773615958,4.367712864641052,2.234788861794468,0.0,0.0,8.110991660914593,4.150079087996414,0.0,0.0,48.06861068232258,24.594839240563797,12.988939999999147,6.6459356047665175,110.4914832052558,56.53419618978296,0.032,5.157394137929979,0.0,6.6110765732341115,23.807206874955863,6.8853,34.226541404814334,15.001328278167636,6.075,87.86381827659318,81.12903543034675,0.0,18676694.47668019,0.0,0.09884940288118695,0.09556138437926665,127.3812386355359,-135.15773742798348,1.0,135.15773742798348,0.0,18676694.476685885,18676694.47668019,Optimal,5915105990.0,14146.326859800145,14753.39019750012,12030866,182.0,completed,3075281430.770379,59.44547731531471,50.98796977136128,7.8189129705448535,True,188.94089324068892,0.0,0.0,1.0,0.25,67.26439028585956,12708993983.900623,1.940345079572503,,0.0,,,
d100,i025,2040,idm_d100_i025_2040,237.69323381204111,252.02321134535285,1.7108581974776416,0.6788494553119616,1.9034280158039905,0.7552590119152486,0.2821720577279365,0.11196272606068416,0.0,0.0,23.213604624581837,9.210899464641663,1.6573040982250088e-07,6.575997858998667e-08,103.0171845958846,40.87607012304828,12.731757025647475,5.051819218429399,109.16420666249894,43.31513993483277,0.2531213858757551,2.654906010604672,0.0,9.179714741502945,47.461634417656306,5.776526866665004,38.217877801233236,27.611530106248107,6.235318923674469,89.92187873162241,84.19121005788107,0.0,10798203.790001182,0.0,0.04542915932785868,0.04284606855201194,169.09405189209212,-290.78366819256087,1.0,290.78366819256087,0.0,10798203.79,10798203.790001182,Optimal,16196559700.0,11035.83689380018,11604.386216500308,12598724,185.0,completed,2715370723.311295,80.68520379659564,78.38775108428581,9.63198572746345,True,237.69323381204114,0.0,120176077.00008881,1.0,0.25,90.31718952405909,21467784846.78861,1.16,,0.0,,,
d100,i025,2050,idm_d100_i025_2050,251.9382881735692,266.1720853068985,1.7108581974776993,0.6427639455523919,0.613890887322813,0.23063684030389286,0.0,0.0,4.017025709840886,1.5091836941538117,13.75209201967688,5.1666169289768344,0.0,0.0,96.71113153111376,36.33406238659665,9.833819999999067,3.694534679946094,139.5332669614674,52.422201524470324,0.3224500782483185,1.3896825296008348,0.8403966736877332,10.662930587132008,47.73573796884124,5.776526866665004,42.202700191101,26.793084521635834,6.175388095753434,93.09356253656546,88.75626391106698,413.51885631385585,6008982.074809736,1684064.6606191038,0.023851007793900446,0.02257555320980159,173.24467924863853,-512.6967228852944,1.0,512.6967228852944,0.0,6008982.074810312,6008982.074809736,Optimal,12568464000.0,5854.908952299971,6454.63456019992,12646736,209.0,completed,2246125929.651104,91.80029641858934,57.941399726374485,7.184644934317437,True,251.93828817356922,0.0,8094313688.318074,1.0,0.25,98.98494135290677,24938096679.41247,0.0,,0.0,,,
d100,i045,2040,idm_d100_i045_2040,237.69323381204111,249.33761089339208,1.7108581974776569,0.6861613020785537,7.861747195496774,3.1530530702238013,2.229818477275744,0.8942968809583788,0.0,0.0,25.1205699070087,10.07492203723303,1.0876058144601619e-07,4.3619805714958247e-08,93.79854913561392,37.6190935653582,12.769520000000044,5.121377378344993,105.84654787175866,42.45109572218324,0.23655120072429586,3.4085611664826456,0.0,10.159677832398158,42.34707453168533,5.776526866665004,36.31291016541237,24.4863114824779,6.075,85.87772796796499,80.07018928754144,0.0,19436766.819994736,0.0,0.08177248678170032,0.0779536097677025,147.15725834843107,-130.49533829439204,1.0,130.49533829439204,0.0,19436766.82,19436766.819994736,Optimal,14569699500.0,10038.950727000367,10617.726980800275,12598724,150.0,completed,2775422448.652323,72.09565574153827,71.64445600860881,11.73088252163798,True,237.69323381204114,0.0,120176077.00008881,1.0,,83.82653826317625,19925000959.043163,1.16,,0.0,,,
d100,i050,2030,idm_d100_i050_2030,188.94089324068892,194.32660205878366,0.20743627528838768,0.1067462061759503,24.280358340350755,12.494613749797345,12.090988763621727,6.221993610511551,0.0,0.0,1.8687684409280507,0.9616637254650032,0.0,0.0,46.952042077304846,24.161407434635162,12.988940000000886,6.684077147642268,95.93806816128901,49.36949812577272,0.032,7.372892538283344,0.0,4.05357538220224,22.07113903245944,5.507992781064604,29.138223765314656,14.59382,6.075,80.3217289142261,73.53090556040787,46.40394850021505,37353388.95336143,0.0,0.19769880576237944,0.19221963723763388,104.74724406500354,-72.86503754399331,1.0,72.86503754399331,0.0,37353388.95337177,37353388.95336143,Optimal,4069574110.0,5242.825538400095,5870.237449700013,12030866,134.0,completed,3042844683.791337,48.348933861562756,41.32964208055443,9.085452044432916,True,188.94089324068892,0.0,0.0,1.0,0.5,57.43438590599567,10851704175.809256,3.37,,0.0,,,
d100,i050,2040,idm_d100_i050_2040,237.69323381204111,249.26435133442638,1.7108581974776302,0.6863629669941257,9.588825774074833,3.846850029994843,2.6667651014078455,1.0698541877855494,0.0,0.0,25.126507265390334,10.08026504025811,1.0876058144601619e-07,4.363262570992239e-08,94.68518472357815,37.985850851389266,12.769519999999957,5.122882566896895,102.71669016373707,41.20793431304859,0.23250773090767585,3.4085611664826456,0.0,10.242131930841428,42.1598507643637,5.776526866665004,35.29991679594764,24.38855441504084,6.075,85.00303069832887,79.19378516443786,0.0,21596407.58173603,0.0,0.09085831866301107,0.08664057843057202,144.16468467421564,-111.78453834250405,1.0,111.78453834250405,0.0,21596407.581738316,21596407.58173603,Optimal,14310483200.0,9380.064187299926,10006.250586000271,12598724,162.0,completed,2775422905.1516023,70.69051048817,70.627138829472,12.118712516409058,True,237.69323381204114,0.0,120176077.00008881,1.0,0.5,82.80922300457907,19683192005.420868,1.16,,0.0,,,
d100,i050,2050,idm_d100_i050_2050,251.9382881735692,264.72460524514946,1.7108581974776482,0.6462784960594427,2.84176587703739,1.0734800697523976,0.0,0.0,0.0,0.0,24.686641009933087,9.325404787013246,0.0,0.0,94.53869658222905,35.71209275944752,9.83381999999942,3.714735919954537,131.11282357847287,49.52800796777286,0.2335384617115771,1.696,0.0,12.002607938914856,45.597012707418806,5.776526866665004,39.853886009141654,24.89176137469714,6.075,89.60111514323437,85.24010072722038,877.8818686087957,12017964.149620393,0.0,0.04770201558780455,0.04539798685691155,154.21379959055062,-174.18721000690368,1.0,174.18721000690368,0.0,12017964.149620624,12017964.149620393,Optimal,10656576700.0,11843.187270999886,12470.365978800226,12646736,166.0,completed,2291534207.558594,81.55864474140253,50.132901739149354,9.798034340877336,True,251.93828817356922,0.0,8094313688.318074,1.0,0.5,91.35667908227987,23016245341.211708,0.0,,0.0,,,
d100,i100,2030,idm_d100_i100_2030,188.94089324068892,193.25938980417266,0.24631325255113967,0.12745215267456128,51.26522854691182,26.526643077398848,21.55732389010337,11.15460620668788,0.0,0.0,2.4387627291273435,1.2619116367895562,0.0,0.0,43.998054189586085,22.766321592016187,12.988940000002236,6.720987794261261,60.76476719589066,31.44207754017171,0.032,10.056028709942023,0.0,2.5983678562880255,19.34498260027489,5.214801328545699,18.805207452456827,14.59382,6.075,61.05683907912371,54.20839913218789,0.0,73853454.88345172,0.0,0.3908812624769955,0.3821467870631616,57.20831530134565,0.0,1.0,0.0,0.0,74706777.90674354,73853454.8834517,Optimal,2270587800.0,2157.2230189000256,2788.358285000082,12030866,126.0,completed,3111592433.755379,31.1525432879703,32.176496738119965,17.492555775383565,True,188.94089324068892,0.0,0.0,1.0,1.0,48.64509906335387,9191048468.81188,3.37,,0.0,,,
d100,i100,2040,idm_d100_i100_2040,237.69323381204111,248.03481781215126,0.22527733505096612,0.09082488379578206,21.780680595154777,8.781299652716635,8.594734826703165,3.4651323965381238,0.0,0.0,31.446313651380432,12.678185235750346,1.536459007729435e-07,6.194529547432609e-08,84.0241242817828,33.875939282612464,12.769520000000142,5.148277210690281,89.19416696843308,35.96034127595107,0.032,3.4085611664826456,0.0,12.510832247894058,36.32091974180587,5.776526866665004,30.845579487254525,21.052255004646923,6.075,75.07538265304959,69.83628055856353,0.0,42576599.58096783,0.0,0.1791241546851763,0.17165573751509816,129.30355683883167,0.0,1.0,0.0,0.0,43192815.16347663,42576599.580967836,Optimal,12968824800.0,7045.163538000081,7645.5482279001735,12598724,154.0,completed,2775422905.1516023,59.12313003291005,64.52411326069891,17.58306740289593,True,237.69323381204114,0.0,120176077.00008881,1.0,1.0,76.70619743580598,18232544121.941616,1.16,,0.0,,,
d100,i100,2050,idm_d100_i100_2050,251.9382881735692,262.6259751069649,0.8161983981346389,0.3107835764540082,10.356832151902085,3.9435673290442237,0.0,0.0,0.0,0.0,37.75972898172579,14.377758698981177,0.0,0.0,80.85174278486136,30.785889610474083,9.833819999997667,3.7444201762572993,123.00765279034337,46.83758060878921,0.10488607408190725,1.696,0.0,14.39273301461255,38.438372165396856,5.709141148860541,37.06903030205885,19.808337521126383,6.075,81.6786739719746,77.6234702192633,900.1604092014708,23844862.843586974,0.0,0.09464564920421863,0.09079400022741543,132.9676527504314,0.0,1.0,0.0,0.0,24035928.29924125,23844862.843586974,Optimal,9693494730.0,3864.2441654996946,4479.64594240021,12646736,173.0,completed,2280020181.377069,70.33091641997147,44.99537729422574,15.842536445474702,True,251.93828817356922,0.0,8094313688.318074,1.0,1.0,86.17345286544618,21710392200.92626,0.0,,0.0,,,
d100,s005,2030,idm_d100_s005_2030,188.94089324068892,203.868848434833,1.7108581974780361,0.8391954977981418,6.628736673706482,3.251471092615392,5.1939172126831625,2.5476757496589313,0.0,0.0,0.5244590502177767,0.25725315772577234,0.0,0.0,60.15602104548633,29.507215794528456,12.9889399999987,6.371223509486117,116.66591625526253,57.22596519818719,0.38990093009107396,5.4738699052617985,0.0,2.6561444649858967,29.415926897056174,6.8853,37.37151075637001,18.37818196806234,6.075,93.9435999999999,86.73318099271565,0.0,12673139.646215614,0.0,0.06707462544951291,0.062163198269433506,140.79128717962874,,1.0,,276.85242292277627,,12673139.646215614,Optimal,7760471280.0,4956.357698100153,5569.339325300418,12030866,165.0,completed,2973570135.8250723,73.20875558063229,60.589808855235056,3.119150437280437,True,188.94089324068892,0.0,0.0,1.0,,76.32790601791272,14421462742.215786,2.9671582509005097,0.939436,0.0,,,
d100,s005,2040,idm_d100_s005_2040,237.69323381204111,258.6535208913954,5.132574592433368,1.9843436017205645,4.647695246979409,1.7968807194126326,4.600975487353413,1.778818038701778,0.0,0.0,9.529316121832393,3.6842012005062195,1.0703422301036513e-07,4.138131297864959e-08,105.97634019298043,40.97231687693834,12.769519999999854,4.93692100381714,115.99709914278226,44.846518517522,0.8394606477623415,3.129309189117188,0.0,8.039526861833659,49.20182622960781,5.776526866665004,40.50662075154983,27.331455302063627,6.263702727395551,92.74009999999805,85.81883539446035,0.0,14600026.670743734,0.0,0.06142382110165108,0.05644627075026,162.44971252612356,,1.0,,188.48182686211254,,14600026.670743734,Optimal,16337131100.0,3515.1071615000255,4155.321229499765,12598724,137.0,completed,2753249211.517747,83.57566814014015,77.94085712432289,6.453986138543622,True,237.69323381204114,0.0,120176077.00008881,1.0,,90.02965427868378,21399439664.48041,1.16,0.927401,0.0,,,
d100,s005,2050,idm_d100_s005_2050,251.9382881735692,272.4996459429728,5.719758885261452,2.0989968135439163,2.836564853619377,1.0409425831742172,0.0,0.0,0.0,0.0,9.666536401181649,3.5473574168256374,0.0,0.0,99.52527024460504,36.52308240629169,9.833819999999102,3.608745973217547,144.91769555830615,53.18087480694699,1.212090829111614,1.588789702022929,0.0,10.662930587132008,49.0401281484112,5.776526866665004,43.608991325267205,27.169783280947428,6.182017600238966,95.41170000000014,89.70395721323868,0.0,6403997.911381093,0.0,0.025418914916851193,0.023500940301116158,162.82481975134368,,1.0,,278.7820122752341,,6403997.911381093,Optimal,13028301800.0,3187.127711799927,3805.5855586999096,12646736,179.0,completed,2281146092.4492674,95.54174190635243,58.65536021120757,4.29616287155998,True,251.93828817356922,0.0,8094313688.318074,1.0,,99.83790477791241,25152990824.583057,0.0,0.954117,0.0,,,
d100,s025,2030,idm_d100_s025_2030,188.94089324068892,197.0023319255655,0.1658193221047856,0.08417124837255127,13.023380915733636,6.610775003746825,9.823789436165319,4.986636117524282,0.0,0.0,1.0614266552575096,0.5387888787319302,0.0,0.0,49.527212321556334,25.140419322685727,12.988939999999017,6.593292512347874,110.4117632747489,56.04591691659082,0.032,6.495498433630369,0.0,3.976497236041341,23.739666190545098,6.8853,34.09313256672113,14.87460998105811,6.075,87.86379999999696,81.18633623927653,0.0,24410949.379817102,0.0,0.1291988672283896,0.12391198185938442,109.29226226457429,,1.0,,119.52778305903405,,24410949.379817102,Optimal,5335755620.0,3494.423092499841,4197.392116399948,12030866,178.0,completed,3113646125.528773,58.48976587621661,47.904122937500645,5.893828879819086,True,188.94089324068892,0.0,0.0,1.0,,64.38359475603569,12164693903.251919,3.37,0.878638,0.0,,,
d100,s025,2040,idm_d100_s025_2040,237.69323381204111,255.78161811822156,1.7108581974776478,0.6688745696678225,6.6520004202740335,2.600656164900598,5.14719802216519,2.0123408632852455,0.0,0.0,13.978728704381187,5.465102929296607,1.0876058144601619e-07,4.2520874739226703e-08,101.19944156784862,39.564782767569525,12.769519999999382,4.99235249739383,114.32387109731489,44.69589016536549,0.26492272067464273,3.4085611664826456,0.0,8.976799745765042,46.17614043256774,5.776526866665004,39.380255315731915,26.329044594811894,6.136263817486899,89.92189999999667,84.26067293293502,0.0,18448126.06563458,0.0,0.07761317295309578,0.07212451856922691,155.44054952110955,,1.0,,135.56197045249866,,18448126.06563458,Optimal,15167212200.0,3816.0941677000374,4413.48822950013,12598724,141.0,completed,2775422392.2693977,78.42798598371627,74.48251782954976,8.236613863192115,True,237.69323381204114,0.0,120176077.00008881,1.0,,86.66459984690839,20599588994.63818,1.16,0.899219,0.0,,,
d100,s025,2050,idm_d100_s025_2050,251.9382881735692,270.0392599051908,1.917595175424655,0.7101171792938225,3.891973617289856,1.4412621404222128,0.0,0.0,0.0,0.0,14.758017828803364,5.465137859578202,0.0,0.0,95.76572792507281,35.463631458142636,9.833819999998838,3.6416260374330136,143.8721253586013,53.278225325130116,0.3679784561868146,1.696,0.0,10.770185911307895,46.23469540292072,5.776526866665004,43.0028805583038,26.715878208918568,6.106755064010495,93.09359999999958,88.74185678327274,462.42466603027765,9182569.881581444,0.0,0.03644769498177763,0.03400457357498828,160.37907372897146,,1.0,,188.57332210529714,,9182569.881581444,Optimal,11601930600.0,3175.309433300048,3780.836274200119,12646736,166.0,completed,2291547103.781728,89.41337245963103,54.388183684157724,6.198639755681163,True,251.93828817356922,0.0,8094313688.318074,1.0,,95.61201221531219,24088326686.35614,0.0,0.930936,0.0,,,
d100,s100,2030,idm_d100_s100_2030,188.94089324068892,193.29620683203166,0.24631325255113967,0.1274278769294103,51.26522854691183,26.521590561505278,21.557323890100694,11.152481594650915,0.0,0.0,2.4028127095865295,1.2430728719237096,0.0,0.0,43.969638816034404,22.747284872611413,12.988940000004858,6.719707651217305,60.86594961684223,31.48843457116198,0.032,10.056028709942025,0.0,2.5983678562880232,19.34498260027489,5.214801328545699,18.805207452456827,14.59382,6.075,61.08285497192012,54.2357194437734,0.0,73853454.88344836,0.0,0.3908812624769778,0.38207399976360995,57.20831530134145,,1.0,,0.0,,73853454.88344836,Optimal,2270587800.0,1957.9877347000875,2548.097925900016,12030866,148.0,completed,3111592433.755379,31.15254328797075,32.176496738119695,17.49255577538284,True,188.94089324068892,0.0,0.0,1.0,,48.64509906335359,9191048468.811827,3.37,0.610568,0.0,,,
d100,s100,2040,idm_d100_s100_2040,237.69323381204111,248.0349904386904,0.22527733505096578,0.09082482058379183,21.7806805951548,8.781293541137929,8.59473482670301,3.46512998488714,0.0,0.0,31.446313651379704,12.67817641203032,1.536459007729435e-07,6.19452523618525e-08,83.91496661723542,33.8319067276831,12.76951999999963,5.148273627609818,89.30349725952097,36.004394824122656,0.032,3.4085611664826456,0.0,12.510832247894028,36.32091974180663,5.776526866665004,30.845579487254557,21.05225500464688,6.075,75.07539999999936,69.83630155180576,0.0,42576599.580967456,0.0,0.17912415468517473,0.17165561804672713,129.30355683883167,,1.0,,-1.1368683772161603e-13,,42576599.580967456,Optimal,12968824800.0,4401.148951299954,5024.747125799768,12598724,157.0,completed,2775422905.1516023,59.12313003291023,64.52411326069885,17.583067402895693,True,237.69323381204114,0.0,120176077.00008881,1.0,,76.70619743580593,18232544121.94161,1.16,0.750754,0.0,,,
d100,s100,2050,idm_d100_s100_2050,251.9382881735692,262.83147250027844,0.8161983981346386,0.31054058723267014,10.356832151902083,3.9404840118190605,0.0,0.0,0.0,0.0,37.75972898172561,14.366517305755918,0.0,0.0,80.89725963510284,30.77913724164717,9.833819999997042,3.741492564208278,123.16763333341622,46.861828289336906,0.10488607408190717,1.696,0.0,14.39273301461254,38.438372165396856,5.7091411488604775,37.069030302059076,19.808337521126397,6.075,81.69299868242503,77.64096553098408,900.1604092014691,23844862.84358689,0.0,0.0946456492042183,0.09072301203791958,132.96765275043066,,1.0,,0.0,,23844862.84358689,Optimal,9693494730.0,5586.012569299899,6215.344859799836,12646736,164.0,completed,2280020181.377062,70.33091641997163,44.99537729422585,15.842536445474618,True,251.93828817356922,0.0,8094313688.318074,1.0,,86.17345286544625,21710392200.926277,0.0,0.816787,0.0,,,
d100,u,2040,idm_d100_u_2040,237.69323381204111,247.95677987740447,0.22527733505096603,0.09085346856107275,21.78068059515477,8.784063337942861,8.59473482670287,3.46622295665894,0.0,0.0,31.446313651379775,12.68217536416127,1.536459007729435e-07,6.196479114179076e-08,83.89064338183272,33.83276852655942,12.769519999999153,5.14989749677855,89.24960993363831,35.99401878737309,0.032,3.4085611664826456,0.0,12.510832247893962,36.320919741807344,5.776526866665004,30.845579487254582,21.052255004646867,6.075,75.06753827927213,69.82678731393251,0.0,42576599.58096722,0.0,0.17912415468517373,0.17170976168515362,129.30355683883178,,,,0.0,,42576599.58096722,Optimal,12968824800.0,6173.121882899664,6776.1990694999695,12598723,122.0,completed,2775422905.1516023,59.123130032910595,64.52411326069915,17.58306740289563,True,237.69323381204114,0.0,120176077.00008881,1.0,,76.70619743580622,18232544121.941677,1.16,,0.0,,,
d105,i005,2030,idm_d105_i005_2030,198.38793790272337,210.11006001628488,1.7108581974777197,0.8142676259028804,0.06282702804004617,0.02990196092237405,0.0,0.0,4.171391159086961,1.9853362370005758,8.560855429690832,4.074462416995793,0.0,0.0,63.01457901016522,29.991224125718297,12.988939999998754,6.181969582509295,119.60060919182536,56.922838050950794,0.3933729521238373,0.834093477310541,1.0504095900758734,9.257799615695282,31.786474893626043,6.8853,39.29474618626512,20.16014624025977,6.075,93.91029938508126,86.91406217666909,0.0,3922105.840104365,1748779.555835994,0.019769880576245076,0.01866691123595118,173.29948772871586,-587.702155099449,1.0,587.702155099449,0.0,3922105.8401040365,3922105.8401043653,Optimal,11263988900.0,9490.546625400428,10098.064187999815,12030866,180.0,completed,2817050020.998826,82.15530891184223,75.24781575544101,7.292210972688154,True,198.38793790272337,0.0,0.0,1.05,0.05,89.44751988453038,17745309020.404827,0.0,,0.0,,,
d105,i005,2040,idm_d105_i005_2040,249.5778955026432,267.69717040146475,1.7108581974776622,0.6391020849835255,0.04405375602960393,0.016456563946319128,0.0,0.0,18.181388529787643,6.7917746394259835,3.3780845574785294,1.261905216410179,1.1048693988166724e-07,4.12731071142703e-08,115.70932336912948,43.22396205966634,12.769519999999709,4.770136337582236,115.90394188107516,43.2966630567123,0.28838473705010004,0.2816221846641347,5.12990595196613,6.025801082215543,55.68926512276728,5.776526866665004,41.409535101693535,31.4698642397564,7.041804292885539,91.92986353894439,86.52062511637864,0.0,2267622.796082703,7622215.070466577,0.009085831866302789,0.008470850822524403,192.70576079030906,-866.3421524945577,1.0,866.3421524945577,0.0,2267622.7960825237,2267622.7960827043,Optimal,22409263700.0,10486.069079000037,11114.810459900182,12598724,179.0,completed,2472242293.600904,99.31464299477386,98.92323859477264,9.995807037053062,True,249.5778955026432,0.0,120176077.00008881,1.05,0.05,109.31045003182692,27281472075.3902,0.0,,0.0,,,
d105,i005,2050,idm_d105_i005_2050,264.53520258224773,281.8825557030272,1.710858197477701,0.6069400758804485,0.0,0.0,0.0,0.0,12.961057428665995,4.598034595060542,1.6620693074055555,0.5896318426872083,0.0,0.0,103.23938790250644,36.62496518985468,9.833819999998909,3.488623116628462,152.47536286697263,54.09180517988867,0.3239696379703457,0.0,5.619959692354774,10.662930587132008,52.05971384714497,5.776526866665004,46.84960426170806,28.920986581588007,8.642038283775381,94.81233356225226,90.71677036974334,0.0,1261886.2357102167,5433686.6021043435,0.004770201558780739,0.004476638267178394,202.1932315703187,-2359.767660972615,1.0,2359.767660972615,0.0,1261886.2357101655,1261886.2357102179,Optimal,19135540200.0,3414.0648479000665,4038.748902599793,12646736,197.0,completed,2104625322.0517738,111.99349822264983,79.7800580586683,6.340744348375962,True,264.5352025822477,0.0,8094313688.318074,1.05,0.05,118.3342425710258,31303572830.943153,0.0,,0.0,,,
d105,i025,2030,idm_d105_i025_2030,198.38793790272337,205.05776815132333,0.170586558638142,0.08318951297287935,10.94525044008734,5.3376424306004555,4.180048352961654,2.038473543648913,0.0,0.0,11.720390352050769,5.7156529390301625,0.0,0.0,50.1416057469184,24.45242928320383,12.988939999998662,6.334283317866511,114.91094670066835,56.03832897267724,0.032,5.476405949839433,0.0,7.362764198977829,24.541410249044674,6.8853,35.83850652669254,15.109775371801444,6.075,86.90823108672046,80.49075825588106,0.0,19610529.200514384,0.0,0.09884940288118786,0.09563416873845376,130.8220440508357,-136.97935503009555,1.0,136.97935503009555,0.0,19610529.20052018,19610529.200514384,Optimal,7007548330.0,30108.87248359993,30733.298618100118,12030866,159.0,completed,3122874150.995599,60.585187468074224,54.002103046336266,9.158165696637962,True,198.38793790272337,0.0,0.0,1.05,0.25,69.74335316471219,13836240016.768627,1.9467340793915386,,0.0,,,
d105,i025,2040,idm_d105_i025_2040,249.5778955026432,264.9442703523017,1.7108581974776413,0.6457426670154742,1.5798464474201934,0.5962938716581566,0.2808140550082389,0.10598985765377558,0.0,0.0,25.38228492159222,9.580235453984676,1.69183126693803e-07,6.385611829568413e-08,108.95185663941486,41.12255626231863,12.769519999999613,4.819700378128474,114.26908992220578,43.12948144538468,0.2596954002279146,2.4011604879759374,0.0,9.985182637498479,50.412871289943,5.776526866665004,40.14322686788721,29.289994068972568,6.207427587204175,89.71748075284725,84.2520377077033,0.0,11338113.980414703,0.0,0.045429159331518705,0.042794335447745996,175.4877080190673,-324.60561889126166,1.0,324.60561889126166,0.0,11338113.980412615,11338113.980414707,Optimal,18078947100.0,9156.023584899958,9783.349148900248,12598724,176.0,completed,2691937570.951662,83.19155424696517,81.89032843730357,9.966252996056479,True,249.5778955026432,0.0,120176077.00008881,1.05,0.25,93.15780724302165,23250129481.354237,1.16,,0.0,,,
d105,i025,2050,idm_d105_i025_2050,264.53520258224773,278.76842331377424,1.7108581974776815,0.6137202259640381,0.7277817758486745,0.2610703777699754,0.0,0.0,6.704314056005405,2.4049761362172677,13.939725291725912,5.000467816986479,0.0,0.0,99.51914191493687,35.69957484134449,9.83381999999885,3.527594654768401,146.33278207778082,52.492595946949336,0.29104534537903004,1.6386573866110383,1.3652564055068015,10.74273051754953,49.284674892657726,5.776526866665004,44.211637172224016,27.858894000496992,6.204744692870431,92.33348566902629,88.19217078829382,451.6604840987778,6309431.178550147,2810661.218261868,0.023851007793900158,0.02263323479592386,179.0956289765981,-517.8321417953655,1.0,517.8321417953655,0.0,6309431.178550828,6309431.178550148,Optimal,14634837900.0,12093.189940999728,12726.455056599807,12646736,247.0,completed,2279917888.948035,93.71102923544223,62.601052989213024,8.106851896107036,True,264.5352025822477,0.0,8094313688.318074,1.05,0.25,101.81788113154926,26934413811.6296,0.0,,0.0,,,
d105,i100,2030,idm_d105_i100_2030,198.38793790272337,202.68290558754808,0.2451239590860606,0.12093963147779144,58.243193706160525,28.736115429824743,19.960007441134042,9.847898806893902,0.0,0.0,3.1603209499492126,1.5592439533999696,0.0,0.0,44.8537424552425,22.130007622112018,12.988939999997907,6.408502958029376,63.23157707597783,31.197291598262193,0.032,10.87563204128438,0.0,3.581677187636413,19.858791104575754,4.6314411696414455,19.71910506053552,14.605518732489237,6.075,59.85674180988138,53.327299220374215,41.14441940956889,78442116.80206977,0.0,0.3953976115248131,0.3870189080558005,76.08460059901076,-16.75555046199006,1.0,16.75555046199006,0.0,78442116.80208072,78442116.80206975,Optimal,2865884530.0,2282.1448415000923,2910.611505799927,12030866,144.0,completed,3179646649.4848676,31.575115293277058,33.59368509027291,18.045989019650214,True,198.38793790272337,0.0,0.0,1.05,1.0,49.62110431292727,9844228561.097574,3.37,,0.0,,,
d105,i100,2040,idm_d105_i100_2040,249.5778955026432,259.6951510646761,0.22432913275216546,0.08638171788440406,21.765436744262896,8.381148687232244,8.736987533859818,3.364324477388453,0.0,0.0,37.41616566320643,14.407725947061703,1.536459007729435e-07,5.916394670560428e-08,86.41669579993228,33.276206908618995,12.769519999999376,4.917119148219743,92.36601603701722,35.5670930544305,0.032,3.4085611664826456,0.0,13.87937350870724,37.45808002562956,5.776526866665004,31.914343590938817,21.472209414892664,6.075,73.84680082915365,68.84329996304949,0.0,44990730.35026131,0.0,0.1802672879328964,0.17324439892624924,130.9363507863222,0.0,1.0,0.0,0.0,45352455.92165046,44990730.35026131,Optimal,14514894900.0,9755.608836099971,10399.562272100244,12598724,132.0,completed,2775422905.1516023,59.475187844548614,66.91474682540415,19.041543909528936,True,249.5778955026432,0.0,120176077.00008881,1.05,1.0,78.51673175407755,19596040672.928238,1.16,,0.0,,,
d105,i100,2050,idm_d105_i100_2050,264.53520258224773,275.82488525506443,1.71085819747764,0.6202697033284551,9.97297634724841,3.615691288342627,0.0,0.0,0.0,0.0,42.19179889451621,15.296588941023234,0.0,0.0,84.56501201990726,30.658949406144835,9.833819999999658,3.565240312129922,127.55041979591526,46.243260349030926,0.2189635894847114,1.696,0.0,15.365004453146483,39.89726523139403,5.776526866665004,38.460101223019365,20.9096836154825,6.075,81.08771977063414,76.90220975517576,932.9345638721569,25237724.71420323,0.0,0.09540403117561061,0.09149908533765932,137.57132418324034,-10.390713879726889,1.0,10.390713879726889,0.0,25237724.714203313,25237724.71420323,Optimal,11388027000.0,8450.499132999685,9081.332953399979,12646736,182.0,completed,2287975161.170703,71.26785479109662,48.71125032012775,16.69068189448482,True,264.5352025822477,0.0,8094313688.318074,1.05,1.0,87.95853668558144,23268129320.95835,0.0,,0.0,,,
d110,i005,2030,idm_d110_i005_2030,207.83498256475784,219.80550314572898,1.7108581974777053,0.7783509388950205,0.07726705885279864,0.0351524678622679,0.0,0.0,5.675818878414647,2.5822005351029054,8.821191766144674,4.013180580058683,0.0,0.0,65.82543207603374,29.947126497734722,12.98893999999857,5.9092878995786675,124.70599516880685,56.734701080767735,0.3684703189164318,1.0532968777062497,1.3798205739921714,9.453977580964958,33.18419210719454,6.8853,41.05510265808351,20.84256510424359,6.075,93.36946641697614,86.68182757850246,0.0,4108872.7848708746,2379483.3998190854,0.01976988057624332,0.018693220715892318,178.92136956012905,-586.5510702852903,1.0,586.5510702852903,0.0,4108872.7848708956,4108872.784870875,Optimal,12823067000.0,7921.841905400157,8787.419522400014,12030866,172.0,completed,2825047841.3860173,84.7096425901702,79.07207007855166,7.955172109734013,True,207.83498256475784,0.0,0.0,1.1,0.05,92.66481469990421,19258990147.521107,0.0,,0.0,,,
d110,i005,2040,idm_d110_i005_2040,261.4625571932453,280.4050381991899,2.7752266060336734,0.989720664028244,0.016200560177014725,0.005777556737588436,0.0,0.0,18.890798921585077,6.73696843783731,3.5601287405877313,1.2696379364120916,1.6745676825815192e-07,5.971960038007467e-08,120.85754775767808,43.101061426658504,12.769519999999801,4.553955264858252,121.53561544567177,43.342878653748414,0.4688917196141543,0.10356522487589323,5.22938896259313,6.216774837345643,58.45475504663134,5.776526866665004,43.54725267519275,32.69654806667124,7.403743222141692,91.9876160092934,86.44394008040692,0.0,2375604.8339912565,7919622.4203312425,0.009085831866302227,0.00847204761101229,198.97753843770565,-871.5578341384235,1.0,871.5578341384235,0.0,2375604.833991215,2375604.8339912584,Optimal,24643927600.0,9240.704654200003,9836.73031949997,12598724,160.0,completed,2462983331.6919155,102.27622226013236,102.36464419852025,9.968075210434842,True,261.4625571932453,0.0,120176077.00008881,1.1,0.05,112.2442974705672,29347681047.013817,0.0,,0.0,,,
d110,i005,2050,idm_d110_i005_2050,277.13211699092614,294.810524408134,2.920250393408721,0.9905516091297824,0.0,0.0,0.0,0.0,14.668551218659466,4.975586013460092,1.5109662667741806,0.5125211421158112,0.0,0.0,105.2204476490327,35.69087225100761,9.833819999998525,3.3356407542576876,160.65648888026035,54.494828230029015,0.5335871840839206,0.0,6.486062801277422,10.662930587132008,52.6146158020895,5.776526866665004,48.959762345892024,29.769684016367325,8.808469050676777,94.51189284442408,90.18570048103662,0.0,1321976.0564583694,6149522.187350942,0.0047702015587809095,0.004484154896140117,205.759634093857,-2410.2709750158774,1.0,2410.2709750158774,0.0,1321976.0564582688,1321976.0564583708,Optimal,21563518400.0,6842.679359099828,7465.9916511001065,12646736,233.0,completed,2097770779.304182,114.33383939463889,84.32439249188087,6.767540832503175,True,277.13211699092614,0.0,8094313688.318074,1.1,0.05,121.10138022714206,33561081872.870964,0.0,,0.0,,,
d110,i010,2030,idm_d110_i010_2030,207.83498256475784,217.55963245847528,1.7108581974776884,0.7863858649440553,1.3644358006793083,0.627154856468942,0.0,0.0,0.0,0.0,17.586738791305063,8.083640605828736,0.0,0.0,62.38773466530715,28.676153733259703,12.988939999998768,5.970289549224126,121.52092500370732,55.85637539027445,0.3363565244712386,2.675048145250844,0.0,10.34727792009806,30.77325101187586,6.8853,39.21635104976044,19.117972018987363,6.075,91.28920453770235,84.53252912353415,0.0,8217745.569742352,0.0,0.039539761152489535,0.037772382113721574,167.11848833819562,-365.6392967094192,1.0,365.6392967094192,0.0,8217745.569741791,8217745.569742353,Optimal,10846775500.0,15744.026635999791,16412.743238400202,12030866,161.0,completed,2859715062.085638,74.37850378552646,69.54343672144007,8.924479220161485,True,207.83498256475784,0.0,0.0,1.1,0.1,83.30298300568795,17313274020.57947,0.0,,0.0,,,
d110,i010,2040,idm_d110_i010_2040,261.4625571932453,279.55588369858344,3.777567477066002,1.3512745384171443,0.803302073911187,0.28734937118236636,0.10895230926145613,0.03897335581708889,15.288340282022313,5.468795748368569,7.9512542666629,2.844245007998446,1.7090948512945403e-07,6.11360715676184e-08,119.33759934422831,42.688280341435366,12.769519999999838,4.567787961053221,119.51934777452198,42.75329361459173,0.6022913904872695,1.4495196344341834,3.3620243730534467,7.137436166443891,57.52042611952551,5.776526866665004,42.507490985720146,32.26921104459868,6.619162849890286,91.36063645549747,85.4415739560271,0.0,4751209.667982672,6409357.432141777,0.018171663732605065,0.016995563123634403,193.46452927044155,-540.1610040539579,1.0,540.1610040539579,0.0,4751209.66798243,4751209.667982675,Optimal,23085419900.0,3581.5305123999715,4179.36625259975,12598724,176.0,completed,2589480280.329505,96.32346345334206,96.0840043156998,10.1239993491762,True,261.4625571932453,0.0,120176077.00008881,1.1,0.1,106.44746280251826,27832025831.07928,0.7244586646133038,,0.0,,,
d110,i010,2050,idm_d110_i010_2050,277.13211699092614,293.28948359803496,1.7108581974776769,0.5833343141012437,0.0,0.0,0.0,0.0,16.66329838215769,5.681519220442085,4.795183292947767,1.6349659845014284,0.0,0.0,103.10213629634134,35.15371060410982,9.833819999998823,3.3529398597450117,157.18418742911166,53.59353001710041,0.2858797540569951,0.0,4.91822493317078,10.955926600395225,51.417668167647484,5.776526866665004,47.96857162166732,30.07028351800767,6.727598933158322,92.68351479505648,88.74724062121024,0.0,2643952.1129166363,6985783.502952684,0.00954040311756145,0.009014820717337,190.12388282524915,-1014.5633162872293,1.0,1014.5633162872293,0.0,2643952.1129165376,2643952.1129166377,Optimal,19395664800.0,5742.395246299915,6354.026220799889,12646736,207.0,completed,2111952727.2225795,104.90550904456362,76.77215198574653,8.694804636620127,True,277.13211699092614,0.0,8094313688.318074,1.1,0.1,113.60031368118374,31482295421.299717,0.0,,0.0,,,
d110,i025,2030,idm_d110_i025_2030,207.83498256475784,214.6097744727257,1.6571634440533918,0.7721751947807938,11.847900790338718,5.52067156281572,3.554196374910508,1.656120455670207,0.0,0.0,13.788501532547834,6.424917768272566,0.0,0.0,52.235736049593214,24.339868106162026,12.988939999999205,6.052352476447872,118.53733628128282,55.233894435850814,0.24135474956941533,5.984807889873635,0.0,7.880027655042772,25.39937931662642,6.8853,37.0996113432218,15.254268195942895,6.075,86.39829021324151,79.57376254201284,0.0,20544363.924348306,0.0,0.0988494028811874,0.09572892928490191,134.52533129268627,-142.77289738615727,1.0,142.77289738615727,0.0,20544363.924354475,20544363.924348306,Optimal,8130592330.0,11734.368970000185,12503.982395899948,12030866,188.0,completed,3152996943.7881713,62.17857044771634,56.886036410150226,9.878140816489077,True,207.83498256475784,0.0,0.0,1.1,0.25,72.05671126420542,14975905329.269922,1.7834729724790848,,0.0,,,
d110,i025,2040,idm_d110_i025_2040,261.4625571932453,277.4504790575525,1.7108581974776487,0.6166355175486143,1.4734564611712169,0.5310700728203005,0.2597852996115668,0.0936330333593256,0.0,0.0,27.11565056437812,9.773149664936577,1.7090948512945403e-07,6.159999640656654e-08,114.28796434554867,41.192202923477936,12.769519999999783,4.60245015376274,119.83324401845601,43.19085857249451,0.26563855543571224,2.237145038318098,0.0,10.547681887933713,53.63541229656773,5.776526866665004,42.06005112850779,31.05832516273839,6.306153613813166,89.6021471672838,84.38306149597244,0.0,11878024.169958385,0.0,0.04542915933151918,0.04281133054916977,183.51734725306866,-354.8302576268894,1.0,354.8302576268894,0.0,11878024.169956075,11878024.169958385,Optimal,20024033000.0,14351.713546299841,14976.913777500391,12598724,168.0,completed,2677434516.9464436,85.88096094459273,85.31450592305579,10.133396704761427,True,261.4625571932453,0.0,120176077.00008881,1.1,0.25,96.01435764935415,25104159478.266968,1.16,,0.0,,,
d110,i025,2050,idm_d110_i025_2050,277.13211699092614,292.32655349915734,1.7108581974776766,0.5852558301661804,0.7307999745515183,0.2499943866897555,0.0,0.0,8.935738458293882,3.056765918570459,14.468045585552288,4.949275189807207,0.0,0.0,103.67094669282143,35.46408817532215,9.833819999998857,3.3639845174130594,152.97634459046168,52.33063598203118,0.28470334988400114,1.696,1.7670099853207921,10.99910880050694,51.00776224900672,5.776526866665004,46.16629810538745,29.694879436794448,6.248544087098463,91.74396450493259,87.79472415735333,71.48968283638195,6609880.282290883,3746145.143478264,0.023851007793901074,0.02261128933779851,183.1747478566026,-516.8200224282896,1.0,516.8200224282896,0.0,6609880.282291343,6609880.282290884,Optimal,16758475200.0,12640.839593600016,13248.796182900202,12646736,227.0,completed,2289726497.2202525,95.81312515982259,67.1926363711037,8.849149513356075,True,277.13211699092614,0.0,8094313688.318074,1.1,0.25,104.66227467317867,29005277749.263798,0.0,,0.0,,,
d110,i050,2030,idm_d110_i050_2030,207.83498256475784,213.63019235824072,0.20100687219406788,0.09409104114693463,27.247401871529846,12.754471439991091,12.568217860322356,5.883165540218426,0.0,0.0,2.73909287881985,1.2821656192803546,0.0,0.0,50.546664048994536,23.660824104971002,12.988940000001227,6.0801049966850265,107.33886882637883,50.24517725770716,0.032,8.446232464648332,0.0,5.090952258232573,23.919848800639073,5.7675868862704585,32.814795875166304,14.59957139363377,6.075,80.08019740051012,73.90600136267817,181.7699738489449,41088727.84869925,0.0,0.1976988057623875,0.1923357714334533,113.47358654741876,-82.2256336769569,1.0,82.2256336769569,0.0,41088727.84870895,41088727.84869925,Optimal,5825802650.0,2556.6855005999096,3269.174424600322,12030866,149.0,completed,3173119709.2387633,51.78954204039065,45.96673538660883,9.444689078078794,True,207.83498256475784,0.0,0.0,1.1,0.5,61.234231118469445,12726615356.873447,3.37,,0.0,,,
d110,i050,2040,idm_d110_i050_2040,261.4625571932453,274.5405535161394,1.7108581974776382,0.6231713951057734,8.440835071173291,3.074531235210422,3.0561262703957506,1.1131784471382622,0.0,0.0,32.39005711327805,11.79791353169758,1.640040513868498e-07,5.973764141085572e-08,106.65552287849277,38.84873164001355,12.769520000000155,4.651232700035141,109.51763382131773,39.891240991061636,0.22972285826782002,3.4085611664826456,0.0,11.952886254241262,47.723672803756024,5.776526866665004,37.55276763403515,27.47306290230817,6.075,84.0143767262161,78.73997263107519,0.0,23756048.339906435,0.0,0.09085831866299883,0.08653019758157472,155.72406793997934,-125.86468504909305,1.0,125.86468504909305,0.0,23756048.33991215,23756048.339906435,Optimal,17646284800.0,5143.914061400108,5724.929170000367,12598724,181.0,completed,2775422905.1516023,73.56154336753916,76.0166782363577,13.529756846188599,True,261.4625571932453,0.0,120176077.00008881,1.1,0.5,87.09130021372776,22771114063.16589,1.16,,0.0,,,
d110,i050,2050,idm_d110_i050_2050,277.13211699092614,291.1490895445466,1.7108581974776653,0.5876227193957614,2.657944497464767,0.9129152701877483,0.0,0.0,0.0,0.0,28.17659534462958,9.677720575636037,0.0,0.0,101.45856446349127,34.8476324010513,9.83381999999946,3.377589129810711,147.31130704148384,50.596519903918434,0.2651984408521174,1.696,0.0,13.302968546689167,48.65037670047433,5.776526866665004,44.308316452693575,27.97144928244023,6.075,89.40936415417622,85.44415230496975,818.1205850008504,13219760.564581547,0.0,0.04770201558780135,0.0454054676429235,163.87341202843785,-184.61974458933184,1.0,184.61974458933184,0.0,13219760.564582687,13219760.564581547,Optimal,14475690600.0,35195.234124799725,35824.64720280003,12646736,176.0,completed,2291547103.781728,86.19955398207571,58.837609202114315,10.114262975633588,True,277.13211699092614,0.0,8094313688.318074,1.1,0.5,96.3138169577093,26691651988.96654,0.0,,0.0,,,
d110,i100,2030,idm_d110_i100_2030,207.83498256475784,212.3716119220066,0.24325312997361603,0.11454126461259363,61.66968947118953,29.0385748420263,20.17524867787229,9.49997435875829,0.0,0.0,3.792730072783432,1.7858931513767062,0.0,0.0,48.34507278635873,22.76437625011456,12.988939999998419,6.116137596002521,65.15667778383055,30.680502537109017,0.032,11.71598907257255,0.0,4.546740032337483,21.39638794113129,4.603777214403856,20.17944185648583,14.656110860590028,6.075,59.675557647838694,53.44487878722357,50.48453475016966,82177455.69740824,0.0,0.3953976115248219,0.3869512264548234,84.05235558965765,-22.736700078899446,1.0,22.736700078899446,0.0,82177455.6974179,82177455.69740824,Optimal,3552849550.0,2452.5958046996966,3120.6941688000225,12030866,151.0,completed,3251814403.731986,32.67959075167646,35.36549660017819,18.332041853150404,True,207.83498256475784,0.0,0.0,1.1,1.0,51.01163260482686,10602001773.024021,3.37,,0.0,,,
d110,i100,2040,idm_d110_i100_2040,261.4625571932453,272.07295638169614,0.43413105666658386,0.15956420749790853,21.791281214559852,8.009352162141562,8.814071713472176,3.239598610126746,0.0,0.0,43.544236779229955,16.0046177901419,1.570986176442456e-07,5.774135722032184e-08,89.43672774637727,32.87233282418001,12.769520000000005,4.693417592774422,95.28298771429165,35.02111675539608,0.058395545787919216,3.4085611664826456,0.0,15.155469836345551,38.56206409079692,5.776526866665004,32.854863156307964,21.930558559546476,6.075,72.74643137984843,67.89344957957609,0.0,47418682.3714282,0.0,0.1813593612808635,0.17428664356079424,132.26341642743782,0.0,1.0,0.0,0.0,47512096.6798243,47418682.3714282,Optimal,16078811100.0,6166.877274000086,6797.824467099737,12598724,146.0,completed,2775422905.1516023,59.77438331621501,69.12126687330283,20.421505534457875,True,261.4625571932453,0.0,120176077.00008881,1.1,1.0,80.19588885067289,20968222175.2822,1.16,,0.0,,,
d110,i100,2050,idm_d110_i100_2050,277.13211699092614,288.7622391099982,1.7108581974776393,0.592479890289922,9.473366255007488,3.2806804256005226,0.0,0.0,0.0,0.0,46.63865899125415,16.151231939120713,0.0,0.0,89.18478792813647,30.88519752548508,9.833819999999474,3.4055076004080567,131.92074773812294,45.684902619095695,0.21673072398150256,1.696,0.0,16.28525742001423,42.11376117131956,5.776526866665004,39.76714655353632,22.524297226943485,6.075,80.56808763527876,76.57010014458078,975.7291164891265,26439521.129163887,0.0,0.09540403117560557,0.09156156016331582,146.94266929377582,-13.063815498339352,1.0,13.063815498339352,0.0,26439521.129165374,26439521.129163887,Optimal,13157094900.0,11492.031476899981,12125.068372200243,12646736,187.0,completed,2288955363.940625,72.37615898461974,52.26576492776458,17.356461697718636,True,277.13211699092614,0.0,8094313688.318074,1.1,1.0,89.73262068233836,24867791132.840195,0.0,,0.0,,,
d110,i150,2030,idm_d110_i150_2030,207.83498256475784,212.21450907579492,0.25078146268400237,0.11817357058957396,64.06975200654153,30.191032783558764,24.241433978808352,11.423080393692702,0.0,0.0,4.230268431570078,1.9933926525538306,0.0,0.0,44.36358128393939,20.905065104711767,12.988939999999179,6.12066538549446,62.069751912252364,29.248590109398894,0.032,11.49296065312066,0.0,4.6164197766266195,19.527038363261447,5.392385109021612,19.5122,14.695385524542294,6.075,56.392494170194695,50.15365521411066,16.249017231740048,89726342.36128911,0.0,0.4317191516752091,0.42280965025460293,67.59996166576614,0.0,1.0,0.0,0.0,123266183.55,89726342.3612891,Optimal,3446535140.0,2042.0172472000122,2680.2060322999023,12030866,130.0,completed,3320756746.342579,30.8211761461767,34.906420131095274,20.063096728298227,True,207.83498256475784,0.0,0.0,1.1,1.5,50.88427287447493,10575531965.686878,3.37,,0.0,,,
d110,i150,2040,idm_d110_i150_2040,261.4625571932453,271.8938286335464,0.4341310566665834,0.1596693308003314,21.791281214559895,8.014628843941065,8.814071713472176,3.2417329064690263,0.0,0.0,43.54423677922994,16.015161873320075,1.570986176442456e-07,5.7779398095857586e-08,89.11945469975066,32.777299561243176,12.769519999999982,4.696509686952297,95.42113301276851,35.09499773949463,0.058395545787919216,3.4085611664826456,0.0,15.155469836345551,38.56206409079686,5.776526866665004,32.85486315630799,21.930558559546476,6.075,72.72847631849044,67.8722973007378,0.0,47418682.37142823,0.0,0.1813593612808636,0.17440146622576816,132.26341642743796,0.0,1.0,0.0,0.0,71268145.01973645,47418682.37142824,Optimal,16078811200.0,5198.986577599775,5812.822044599801,12598724,153.0,completed,2775422905.1516023,59.77438331621501,69.12126687330283,20.421505534457875,True,261.4625571932453,0.0,120176077.00008881,1.1,1.5,80.19588885067289,20968222175.2822,1.16,,0.0,,,
d110,i150,2050,idm_d110_i150_2050,277.13211699092614,288.4807429813568,1.7108581974776396,0.5930580252243057,9.89087504037273,3.428608418764344,0.0,0.0,0.0,0.0,47.840258358231154,16.58351883866399,0.0,0.0,87.60399402277548,30.36736286707253,9.833819999999301,3.408830654819416,131.6009373625005,45.61862119545542,0.21692556999397278,1.696,0.0,16.457369931525566,41.35080555105579,5.776526866665004,39.65874437316798,22.061338441673236,6.075,79.98787274257167,75.98598406252795,969.4071549262766,27258593.918586805,0.0,0.09835956299312398,0.09449016817163565,144.39509190212667,0.0,1.0,0.0,0.0,39659281.693748064,27258593.918586805,Optimal,13151914700.0,7223.358415900264,7848.03791990038,12646736,198.0,completed,2288820312.8570433,71.73794154199524,52.07959684142798,17.808023737397225,True,277.13211699092614,0.0,8094313688.318074,1.1,1.5,89.54596527939246,24816062925.874,0.0,,0.0,,,
d120,i005,2030,idm_d120_i005_2030,226.7290718888267,238.44695147224306,1.7389316488471054,0.7292740117289902,0.09771826405329953,0.04098113372805047,0.0,0.0,9.725915086921395,4.078859061468673,9.225598906313556,3.8690362151211994,0.0,0.0,70.43080307790837,29.53730489865668,12.988939999998578,5.447308057327201,134.23904448820076,56.297236621969205,0.31432507676681254,1.26671619177811,2.2311446077130666,9.746693537839622,35.314097814546614,6.8853,43.9970614656616,22.491180710500025,6.075,92.01112358968207,85.83454152062589,0.0,4482406.674404948,4077412.2629937753,0.0197698805762449,0.01879833919758346,188.53791783140744,-601.02785910738,1.0,601.02785910738,0.0,4482406.674404613,4482406.674404949,Optimal,16073558300.0,16307.872400400229,16914.879331400152,12030866,174.0,completed,2835514042.3368893,89.2006284422944,86.31025099505253,9.615800162514503,True,226.7290718888267,0.0,0.0,1.2,0.05,98.8164286048089,22404557144.93683,0.0,,0.0,,,
d120,i005,2040,idm_d120_i005_2040,285.2318805744493,304.76110861774913,5.132574592433203,1.6841304376769433,0.05291644781129075,0.017363254796943905,0.0,0.0,22.569930149989393,7.405777676933852,3.4099458738342485,1.118891412785619,1.69183126693803e-07,5.551335846661566e-08,128.8964578796228,42.294260729079106,12.7695200000001,4.190009695763526,131.92976350487496,43.28956673745065,0.8225252376408184,0.19987701871265415,6.125991433103871,6.206155507805741,62.96199636337058,5.776526866665004,47.33153195437502,34.52047749812681,8.03589300015425,91.45796759997023,85.58382746652975,0.0,2591568.909808641,9462030.991020046,0.00908583186630222,0.00850360769969226,210.6185124486675,-935.5282995747683,1.0,935.5282995747683,0.0,2591568.909808598,2591568.9098086436,Optimal,29309994900.0,17456.418019300327,18073.10403149994,12598724,206.0,completed,2467991544.971427,106.97413026217895,108.59951514419092,10.699292107105522,True,285.23188057444935,0.0,120176077.00008881,1.2,0.05,117.67342236928447,33564211556.022476,0.0,,0.0,,,
d120,i005,2050,idm_d120_i005_2050,302.32594580828305,320.481739469263,6.240254624989891,1.9471482635248196,0.0,0.0,0.0,0.0,16.63234278478789,5.189794218020674,1.3883257830148261,0.4331996529081429,0.0,0.0,112.07817067790377,34.971780564943245,9.833819999998765,3.0684493963007564,174.30882559856786,54.389627904302365,1.0995422444523657,0.0,7.706722590573764,10.662930587132008,55.70121793369166,5.776526866665004,52.7238984549584,33.46392968247951,9.08144841085269,94.37700612907119,89.3614084692456,0.0,1442155.6979544295,6972805.934138243,0.004770201558780397,0.004499962151799119,215.6935851446726,-2510.7234091350883,1.0,2510.7234091350883,0.0,1442155.6979544747,1442155.6979544312,Optimal,26584789800.0,7369.5676363999955,8043.811682799831,12646736,239.0,completed,2091031785.192991,119.21636143572385,92.54975461992602,7.0233414494099575,True,302.32594580828305,0.0,8094313688.318074,1.2,0.05,126.23970288513381,38165537573.30472,0.0,,0.0,,,
d120,i025,2030,idm_d120_i025_2030,226.7290718888267,234.23053712099033,1.7108581974776362,0.7304163746138289,13.963612599992846,5.961482551175652,2.6346378684300675,1.1248054591059413,0.0,0.0,16.81292566457657,7.177939252170164,0.0,0.0,58.14528354075472,24.823955174862675,12.988939999999051,5.545365757877119,127.97427924975943,54.63603543019462,0.24436126800807229,6.880954033998753,0.0,8.359366892979855,28.285522877530255,6.8853,40.33080505359907,16.789214641580006,6.075,85.73577273754823,79.4599906050573,0.0,22412033.37201616,0.0,0.09884940288118665,0.09568365272731012,152.20777339098214,-171.87008858578577,1.0,171.87008858578577,0.0,22412033.37202306,22412033.37201616,Optimal,10571320700.0,11938.995679699816,12537.836769100279,12030866,151.0,completed,3182435146.0531807,66.10717919628274,62.53229176280697,10.46140319101741,True,226.7290718888267,0.0,0.0,1.2,0.25,76.56858238730015,17360323620.515728,1.5872860014329757,,0.0,,,
d120,i025,2040,idm_d120_i025_2040,285.2318805744493,302.49954199887077,5.1325745924332535,1.6967214424583865,1.6050546347484085,0.5305973768232681,0.2703769273112656,0.08938093774445283,0.21026728599582484,0.06950995185196339,29.386315601225498,9.714499204542662,1.7090948512945403e-07,5.6499088891212945e-08,124.89189242492193,41.28663851841077,12.511780248891585,4.1361319644372525,128.4912801124335,42.47652054723215,0.7701045012019578,2.446575614477267,0.03202486886668341,11.342000486547374,59.30054398466127,5.776526866665004,45.15068797875668,33.77543831323292,6.361967563609717,89.59601247253856,83.76315906564291,0.0,12957844.549040632,88150.71926534541,0.045429159331502086,0.04283591460475336,196.49562613800407,-373.3250355591272,1.0,373.3250355591272,0.0,12957844.549042989,12957844.549040632,Optimal,24157061600.0,17269.490999300033,17875.427879599854,12598724,182.0,completed,2691061503.3559303,90.55328650702386,90.96246376929031,10.265149794839822,True,285.23188057444935,0.0,120176077.00008881,1.2,0.25,100.81843630186367,28756632182.955902,1.16,,0.0,,,
d120,i025,2050,idm_d120_i025_2050,302.32594580828305,319.035457428893,6.006064448260885,1.882569572881887,0.7036017739647554,0.22054030596946267,0.0,0.0,7.854104944318903,2.4618282267479423,15.853270752410797,4.969125024588903,0.0,0.0,110.74825248107257,34.71346206267881,9.833819999998711,3.0823595844955527,168.03634302886633,52.670115222637435,0.9872966739892126,1.696,1.5996874529086145,11.509921024204354,54.22838317287819,5.776526866665004,50.30230856787234,33.14989538554242,6.692251065398209,92.34850644269368,87.38357728531622,182.57817861825808,7210778.489772146,3292690.048041826,0.02385100779390198,0.022601809052460238,192.7346407147642,-509.2764292020685,1.0,509.2764292020685,0.0,7210778.489772375,7210778.489772147,Optimal,21206066400.0,28988.52278660005,29608.72847829992,12646736,265.0,completed,2291545587.7034903,100.80567131871963,74.75583868705617,8.303352796250987,True,302.32594580828305,0.0,8094313688.318074,1.2,0.25,109.10902411497062,32986488911.777256,0.0,,0.0,,,
d120,i100,2030,idm_d120_i100_2030,226.7290718888267,231.88931443760487,0.23929530001035967,0.10319375888048846,68.47052280115707,29.527243619317627,20.309768733823276,8.758389226808502,0.0,0.0,6.162247138698334,2.657408839059045,0.0012321758241758242,0.0005313637789495339,52.5774950148143,22.673530749930904,12.988939999997212,5.601353400651061,71.13981327328015,30.678349041573433,0.032,11.915,0.0,6.314298265192594,23.23358074649176,4.746490116570093,21.785202627529134,14.713140067709295,6.075,59.05642695103589,53.35187979150433,205.4543899915958,89648133.4880875,0.0,0.3953976115248474,0.3865988120475012,96.30702231183298,-27.158278671424227,1.0,27.158278671424227,0.0,89648133.48809224,89648133.4880875,Optimal,5071041650.0,3086.070215600077,3705.212698500138,12030866,149.0,completed,3356802998.0361,34.59688798947295,39.09013514724112,19.298595982563164,True,226.7290718888267,0.0,0.0,1.2,1.0,53.89548397203611,12219673059.978882,3.37,,0.0768,,,
d120,i100,2040,idm_d120_i100_2040,285.2318805744493,296.61624589566316,1.7108581974776267,0.5767918046132352,20.943211439608874,7.060709495654461,8.908171688250944,3.003264929522591,0.0,0.0,50.392997296317624,16.989291043095363,5.938673018639615e-07,2.0021401729723819e-07,98.96502756730744,33.364668637239475,12.769519999999506,4.305064262896535,102.92645911283385,34.70020962676433,0.22566788633280227,3.4085611664826456,0.0,16.904204094721237,42.780530032500145,5.776526866665004,35.07042031998425,24.416892969193523,6.075,72.94673433151357,68.06487826400381,0.0,49342687.90570583,0.0,0.17299148961305094,0.16635193988350344,141.65255925510107,0.0,1.0,0.0,0.0,51831378.196171954,49342687.905705824,Optimal,19346835000.0,8146.099768400192,8759.862291300204,12598724,160.0,completed,2775422905.1516023,63.012069490963285,73.77823463010307,20.917901951729018,True,285.23188057444935,0.0,120176077.00008881,1.2,1.0,83.9299714426923,23939503591.15895,1.16,,0.0,,,
d120,i100,2050,idm_d120_i100_2050,302.32594580828305,314.98403467861175,1.7108581974776385,0.5431571156370771,8.877390011575043,2.8183618959078123,0.0,0.0,0.0,0.0,54.40132252207921,17.271136480801832,0.0,0.0,96.88072858693111,30.757345744771353,9.833819999999452,3.1220058534183206,143.27991536054927,45.4879929094636,0.21595716892623704,1.696,0.0,18.104156033200898,45.402048791867735,5.776526866665004,42.95256782214766,25.047602830172732,6.075,79.91050162329034,76.24533865423494,908.1303464502582,28843113.95909169,0.0,0.09540403117561819,0.0915700822377275,154.78696479571178,-30.56177614369102,1.0,30.56177614369102,0.0,28843113.9590895,28843113.95909169,Optimal,16900599200.0,13431.659403799567,14034.563020799775,12646736,182.0,completed,2291547103.781728,75.07859328551118,58.99228850578383,18.26688566290139,True,302.32594580828305,0.0,8094313688.318074,1.2,1.0,93.34547894841256,28220760210.006004,0.0,,0.0,,,
d135,i005,2030,idm_d135_i005_2030,255.07020587493005,267.5411599090363,3.1365733620426437,1.1723703983002371,0.12634547727300352,0.04722468771383096,0.0,0.0,13.08579119287182,4.891131965384681,10.096244117424972,3.773716209071413,0.0,0.0,77.11481699766728,28.823533927970647,12.988939999998452,4.85493148209968,150.99244876175817,56.43709132945952,0.48696625065138055,1.2562179388320236,2.9350114328674053,10.485420157761073,38.8127056919758,6.8853,49.193502075224096,24.43370902720913,6.075,91.28792713783008,85.26062525743016,0.0,5042707.508705549,5485978.954570604,0.019769880576244826,0.018848342850946987,197.90662357658385,-613.3650778456964,1.0,613.3650778456964,0.0,5042707.508705189,5042707.50870555,Optimal,21223880500.0,10442.660811499692,11044.342135299928,12030866,176.0,completed,2843341544.375829,96.50753918931592,95.88271428489628,10.522465052957893,True,255.07020587493005,0.0,0.0,1.35,0.05,107.03000424227382,27300165216.87142,0.0,,0.0,,,
d135,i005,2040,idm_d135_i005_2040,320.8858656462555,340.88123918537315,5.1325745924331905,1.5056782252666208,0.17249062829401277,0.050601385017909825,0.0,0.0,33.855166089426206,9.931660120202618,2.6457346439299307,0.7761455720627574,1.69183126693803e-07,4.9631105278222795e-08,135.75556859970408,39.824887085052936,12.1341864877016,3.5596521875769644,151.18551797470099,44.351375375189086,0.7469579820344939,0.6035618799225121,8.926650681437168,4.880363114434088,66.6007510502888,5.776526866665004,53.7443967711567,35.40281636787991,9.284617611152772,89.24159287308561,84.17626246024203,0.0,2915515.0235347264,14193160.041500274,0.009085831866302236,0.008552876158576897,222.9411838834983,-981.6922027097047,1.0,981.6922027097047,0.0,2915515.0235346733,2915515.023534729,Optimal,36718419100.0,15706.3209241,16317.760126099922,12598724,172.0,completed,2488983157.7543397,112.84835415534971,118.13384972826594,13.41660857628786,True,320.8858656462555,0.0,120176077.00008881,1.35,0.05,126.26496273163757,40516641866.933716,0.0,,0.0,,,
d135,i005,2050,idm_d135_i005_2050,340.1166890343184,360.7892720954955,6.8434327899107394,1.8967949767917116,0.0,0.0,0.0,0.0,24.78265061711572,6.8690098442162455,0.8277197753485718,0.22941917605839643,0.0,0.0,126.20704677791963,34.980820256904565,9.833819999998996,2.725640910241957,192.2946021352018,53.29831483578711,1.0586878484535802,0.0,10.670729773706524,10.662930587132008,63.847015401556845,5.776526866665004,59.013818137999905,39.07699037095156,9.98750681407263,92.90157097972536,88.27913509269169,0.0,1622425.1601987472,10389673.633034317,0.004770201558780438,0.004496877500751507,256.43160531083106,-3333.5967433023766,1.0,3333.5967433023766,0.0,1622425.1601987844,1622425.1601987495,Optimal,34892583700.0,4291.837538100313,4925.4720300002955,12646736,195.0,completed,2121625557.1903257,126.66615572017353,105.51859662024484,8.88901239120914,True,340.1166890343184,0.0,8094313688.318074,1.35,0.05,135.55516811138267,46104574959.5339,0.0,,0.0,,,
d135,i025,2030,idm_d135_i025_2030,255.07020587493005,263.11072327998835,1.7108581974777763,0.6502426720393196,13.807040310553115,5.247615961231804,1.7241034285343946,0.65527676220923,0.0,0.0,27.540700491721392,10.467342474070907,0.0,0.0,62.53332169738871,23.766922502373305,12.988939999999044,4.936682107850431,142.80575915431393,54.275917520225,0.237754742797245,7.2219838667920015,0.0,11.061847497814247,31.248517358962275,6.8853,44.4448807523622,17.83398836703213,6.075,83.62976480248805,78.04284002259831,0.0,25213537.54351919,0.0,0.09884940288119061,0.09582862009272156,163.13300843202293,-187.82196557025057,1.0,187.82196557025057,0.0,25213537.543525945,25213537.54351919,Optimal,14542340900.0,21810.31387169985,22419.675664999988,12030866,200.0,completed,3199277779.966266,69.73203672670314,70.38994701394317,13.2006444297568,True,255.07020587493005,0.0,0.0,1.35,0.25,82.93268115645995,21153656056.338173,1.2488866206837665,,0.0,,,
d135,i025,2040,idm_d135_i025_2040,320.8858656462555,338.1289752736301,5.13257459243323,1.5179339742415467,1.5178997583089988,0.4489114714527621,0.27885524705308845,0.08247008314724448,9.826383186711421,2.906105038398275,32.68671569646482,9.666937200520357,2.0198393697117295e-07,5.973576704206374e-08,130.83861593290897,38.694884349094345,12.769519999999762,3.77652343744456,145.07841065776583,42.906234385965135,0.7303367878291047,2.63707946260102,1.475719801929544,12.708278912142632,62.40985721909576,5.776526866665004,51.02570245808827,34.74402548040978,6.782059141820789,86.89557614674558,81.60111873505949,0.0,14577575.117674388,4119531.6788495025,0.045429159331513536,0.04311246945304678,205.9892445424545,-383.1686130443759,1.0,383.1686130443759,0.0,14577575.117673364,14577575.117674392,Optimal,30698357600.0,15421.900926799979,16339.477019700222,12598724,150.0,completed,2704968284.2689643,94.79743764233538,99.60896976896412,13.615735314510797,True,320.8858656462555,0.0,120176077.00008881,1.35,0.25,108.41317295684618,34788254851.71481,1.16,,0.0,,,
d135,i025,2050,idm_d135_i025_2050,340.1166890343184,358.2672015230593,6.843432789910639,1.9101477223753545,0.694917878475295,0.19396636798486494,0.0,0.0,16.935116908761017,4.72695151461444,16.929908456823963,4.725497724841077,0.0,0.0,120.15170954291088,33.536899005023066,9.833819999998763,2.744828429226398,186.8782959461788,52.16170923593481,0.9992084146276382,1.696,3.3728950792184373,12.127132354671918,58.84916411788441,5.776526866665004,56.217660796777466,36.73825851924171,7.209263096600286,90.35358439255964,85.69860824095788,42.914020242552475,8112125.8009928875,7099738.455651344,0.023851007793899693,0.022642669400120243,207.61691952277593,-511.07189492745954,1.0,511.07189492745954,0.0,8112125.800993922,8112125.800992889,Optimal,28276737800.0,32030.2067987998,32665.97373470012,12646736,170.0,completed,2291545587.7034903,105.3456636819698,85.65907143666492,10.84957257950796,True,340.1166890343184,0.0,8094313688.318074,1.35,0.25,116.19523626147776,39519939038.81419,0.0,,0.0,,,
d135,i100,2030,idm_d135_i100_2030,255.07020587493005,260.624976577139,0.23223902309181488,0.08910850607715161,73.17672073133143,28.077401365126953,23.84559307549755,9.14938905267961,0.0,0.0,11.964248478827981,4.590599349286402,0.006169302197802198,0.0023671185620140387,57.93878402334226,22.23071049608083,12.988939999997742,4.983766395141838,80.47228194285242,30.87665771704519,0.032,11.915,0.0,8.515713174767562,25.621582253494722,6.038544700873698,24.304203012308548,16.135772544670573,6.075,58.18024311434501,53.10736821312603,40.477861227982714,100854150.17409915,0.0,0.39539761152485015,0.3869703951579968,113.25079379306806,-27.85238697199611,1.0,27.85238697199611,0.0,100854150.17410378,100854150.17409915,Optimal,7774947110.0,11889.764719299972,12499.555884399917,12030866,155.0,completed,3576766178.704301,38.29121877855133,45.33970561994396,21.071160192972222,True,255.07020587493005,0.0,0.0,1.35,1.0,59.362378971523555,15141574225.492132,3.37,,0.14360000000000003,,,
d135,i100,2040,idm_d135_i100_2040,320.8858656462555,332.38240882710204,1.7108581974776227,0.5147258555333394,20.52975356496533,6.176546357374903,8.969822185300389,2.6986452793794786,0.0,0.0,65.86901399086759,19.817238289867255,4.6439041919013256e-07,1.3971570301474593e-07,106.92072162349753,32.16798446127013,12.769519999999902,3.8418158304648196,115.61271880060325,34.783043786394366,0.22224635060539974,3.4085611664826456,0.0,20.543020298396105,46.742671045242815,5.776526866665004,38.916841895144856,26.42452541331269,6.075,71.30756993366266,66.9510282476645,0.0,54904292.674380384,0.0,0.17110224709899455,0.16518411088036966,144.3127813519033,0.0,1.0,0.0,0.0,58310300.470693454,54904292.6743804,Optimal,24442108900.0,16804.027245899662,17547.676966500003,12598724,156.0,completed,2775422905.1516023,64.9855972090887,79.12353063363315,23.161699480179323,True,320.8858656462555,0.0,120176077.00008881,1.35,1.0,88.14729668926802,28285221602.51308,1.16,,0.0,,,
d135,i100,2050,idm_d135_i100_2050,340.1166890343184,354.24003514681704,1.7108581974776407,0.4829657937360368,8.474608937129792,2.3923351672030626,0.0,0.0,0.0,0.0,64.71770708100294,18.26945027661266,0.0,0.0,109.41884974901642,30.8883352791186,9.83381999999915,2.776032922400615,160.0841911821911,45.190880560929024,0.2186025602214563,1.696,0.0,20.801970465962725,51.746691348674545,5.776526866665004,47.42083032352111,29.206051732594126,6.075,79.33821455618428,76.07921584004764,894.9928221012487,32448503.203967832,0.0,0.09540403117558784,0.09160032741787456,161.64539602421328,-46.94126610329329,1.0,46.94126610329329,0.0,32448503.20397569,32448503.203967832,Optimal,22743193100.0,30580.690838499926,31190.581318699755,12646736,206.0,completed,2291547103.781728,79.37991524146994,67.9509188185287,19.107172859395426,True,340.1166890343184,0.0,8094313688.318074,1.35,1.0,98.48708810086538,33497102317.497547,0.0,,0.0,,,
d150,i005,2030,idm_d150_i005_2030,283.41133986103335,297.3593519168285,3.1365733620426366,1.0548090523549223,0.2922135571065165,0.09826950295084337,0.0,0.0,15.575058500970382,5.2377900343711845,10.84658073917107,3.647633971910479,0.0,0.0,88.26394121773654,29.682584606393682,12.757661262473555,4.290317819243121,166.48732327732773,55.988595012775754,0.49772335782697735,1.568048323403134,3.3670274303675587,10.89854660490558,45.22944800085108,6.8853,54.241185055345845,28.03100218812642,6.075,91.01630649076748,85.67117961916944,0.0,5603008.343006146,6529558.808723263,0.01976988057624476,0.018842549618460665,218.23441796238563,-639.6581062176879,1.0,639.6581062176879,0.0,5603008.343005766,5603008.343006147,Optimal,26770223500.0,14517.779547899961,15126.166746600065,12030866,160.0,completed,2850138294.121913,104.40019314955254,105.15338339932308,10.80973313729028,True,283.41133986103335,0.0,0.0,1.5,0.05,115.20992628684282,32651799574.24501,0.0,,0.0,,,
d150,i005,2040,idm_d150_i005_2040,356.5398507180617,377.5273636943434,5.132574592433063,1.3595238613189735,0.10329346580739823,0.027360524227067015,0.0,0.0,45.50826879518433,12.054296766691879,2.3162243249296837,0.6135248852596981,1.7608856043640718e-07,4.664259531104435e-08,145.51045060136263,38.54302087601044,12.05052904929662,3.191961751162774,166.90602268924115,44.21031128868658,0.6908038926576892,0.451002832258003,11.59128692584743,4.725016549102012,72.8098125072892,5.776526866665004,58.9814190337135,37.84756345897254,10.287138313484467,87.30481777717876,82.75333216469703,0.0,3239461.1372605544,19078510.514925413,0.009085831866301528,0.008580732017834106,240.93339348655527,-1113.0816505203616,1.0,1113.0816505203616,0.0,3239461.1372607476,3239461.137260559,Optimal,44704695900.0,26312.448396600317,26931.512226099614,12598724,194.0,completed,2481050087.275785,118.30402300972735,126.80914189623816,15.800870424626611,True,356.5398507180617,0.0,120176077.00008881,1.5,0.05,134.10489343435395,47813738685.64613,0.0,,0.0,,,
d150,i005,2050,idm_d150_i005_2050,377.9074322603538,400.36893099509183,13.335429036008746,3.330785184271011,0.0,0.0,0.0,0.0,29.36931447968078,7.335562828685331,0.18638311025092594,0.04655284059821586,0.0,0.0,138.0262829943422,34.47477371715297,9.833819999999273,2.456189588826968,209.61770137480994,52.35613584046553,2.068636856965314,0.0,12.792865929628013,10.662930587132008,70.0677409604344,5.776526866665004,67.61607664256344,42.96633081254653,11.900177505118878,92.61788433071646,86.83090955761847,0.0,1802694.622443213,12312548.68513113,0.004770201558780863,0.004502583699396275,339.70944044216867,-5988.832236705666,1.0,5988.832236705666,0.0,1802694.6224430935,1802694.622443216,Optimal,45087584200.0,15621.507567200344,16256.741490400396,12646736,215.0,completed,2126685105.2743301,135.78206116285008,118.18881511168338,9.453056617341828,True,377.9074322603538,0.0,8094313688.318074,1.5,0.05,145.2351177801919,54885430434.34238,0.0,,0.0,,,
d150,i010,2030,idm_d150_i010_2030,283.41133986103335,296.5294073002739,3.136573362042669,1.0577613163562183,2.045702715634064,0.6898819021893936,0.0,0.0,3.3464381851925524,1.128535012989068,23.630820023708583,7.969132046245707,0.0,0.0,83.80881042814707,28.263237427672717,12.988939999998514,4.380321034009809,167.57212258555046,56.511131260537105,0.4880624645364345,3.5019720805761607,0.539611623320632,12.877562742983082,42.536740586407234,6.8853,54.093530066399936,25.830373625685414,6.075,90.21245103857585,84.7743686882098,0.0,11206016.686012836,1402933.0887335376,0.039539761152491436,0.03779057459439533,209.8015095938652,-449.409131647482,1.0,449.409131647482,0.0,11206016.686011532,11206016.686012838,Optimal,23851450700.0,10458.301865799818,11084.891186400317,12030866,145.0,completed,2903775729.011864,95.48139330382885,95.31164928858576,10.076055360447665,True,283.41133986103335,0.0,0.0,1.5,0.1,105.55744866427652,29916177958.254856,0.0,,0.0,,,
d150,i010,2040,idm_d150_i010_2040,356.5398507180617,376.8984295077745,5.132574592433149,1.361792512411431,0.9523370293762837,0.25267736737986046,0.03652433661598856,0.009690763812332404,42.50114267868273,11.276550749810445,8.988987312676096,2.384989325749015,2.313320303772408e-07,6.137781754075178e-08,146.66288306115058,38.91310538297833,12.769519999999869,3.388053385278557,159.85446026550778,42.41314045120222,0.68098425166749,2.1240814007655024,8.37987563191776,8.592315360561427,71.9697222259705,5.776526866665004,56.91889998077233,39.818012248562134,7.522437185507012,86.07609173187053,81.32624583418054,0.0,6478922.274522975,17817827.81368731,0.018171663732608288,0.01719010154270046,227.2827675246046,-587.8847157085233,1.0,587.8847157085233,0.0,6478922.274521495,6478922.274522979,Optimal,42212518200.0,21832.290956099983,22445.277484099846,12598724,177.0,completed,2595021483.8703623,110.43456666241529,119.53430082551036,16.71514533074468,True,356.5398507180617,0.0,120176077.00008881,1.5,0.1,127.14971199315997,45333939332.88579,0.2305333540527109,,0.0,,,
d150,i010,2050,idm_d150_i010_2050,377.9074322603538,398.23017254653536,6.843432789910607,1.718461648987914,0.0,0.0,0.0,0.0,40.38965067704321,10.14228791825749,4.075189568228119,1.0233251644818326,0.0,0.0,133.12043640936204,33.4280136429909,9.833819999998903,2.469380945475639,203.96764310199248,51.21853067980623,0.9390100205965995,0.0,10.650381423530114,11.848228884892821,66.78217883597885,5.776526866665004,63.59842579182353,40.575280973622924,8.920420887531227,88.83438691726067,84.64654432279713,0.0,3605389.2448859937,16932623.35695958,0.009540403117560582,0.009053531081863679,258.23101139949915,-1424.7285742738577,1.0,1424.7285742738577,0.0,3605389.244886187,3605389.2448859974,Optimal,40234953900.0,27518.39792919997,28165.565330199897,12646736,204.0,completed,2125214400.8698053,120.27463255499627,106.86269490495751,13.630473313044101,True,377.9074322603538,0.0,8094313688.318074,1.5,0.1,133.90510586804038,50603734725.14197,0.0,,0.0,,,
d150,i025,2030,idm_d150_i025_2030,283.41133986103335,289.5792961037024,1.647834610256308,0.5690443455136361,16.263056324266422,5.61609774700274,2.3546329440830602,0.813121993099891,3.952290639669728e-05,1.3648388171557533e-05,27.482227532615447,9.490397933274096,6.192484236724072e-06,2.138441635864208e-06,71.55926450868535,24.71145743895274,12.994370454968971,4.487327177670708,157.2778640134362,54.31253757765637,0.22893920371672177,7.507044158139093,0.0,10.920521034801084,36.858619764010754,6.885299999999998,49.4977933703688,21.457965002215776,6.075,84.08036653979346,79.02399501660912,0.0,27996258.187220633,16.569256647917,0.09878312632426137,0.0966790739666512,183.60891655025293,-221.87303748731105,1.0,221.87303748731105,0.0,28015041.71502883,27996258.18722063,Unknown,18942995845.0,9355.091628300026,9963.895392800216,12030866,,completed,3231479929.4632444,77.86679581925186,78.65786807988836,12.193156351723864,True,283.41133986103335,0.0,0.0,1.5,0.25,90.05995217097572,25524011712.59681,1.8031361258041563,,0.0,0.00298,0.000208,1.81e-06
d150,i025,2040,idm_d150_i025_2040,356.5398507180617,374.9147591897618,5.132574592433165,1.3689977432537752,1.5646520053019572,0.4173353987672739,0.32375227070037554,0.08635356778165926,16.887215062395494,4.504281212852463,35.863893716520515,9.56587939990064,2.1406844602073027e-07,5.70978977950506e-08,142.51197377288753,38.011833431384225,12.769519999999885,3.4059795425489336,159.86117755545445,42.63933964641314,0.6795462452545264,2.877307122271423,2.5454899412150773,13.92940960926268,68.52314601681991,5.776526866665004,56.397539570433274,38.00073671149702,7.070144313390357,85.42615036360007,80.65117307779735,410.21524451180846,16197305.686306447,7079656.481457112,0.04542915933151794,0.043202635503896594,219.66212221991987,-398.08392653402814,1.0,398.08392653402814,0.0,16197305.686303737,16197305.686306449,Optimal,37713830000.0,29430.652439400088,30043.39107210003,12598724,171.0,completed,2726547076.5848904,100.24926884576595,107.70343512808763,15.438471957695015,True,356.5398507180617,0.0,120176077.00008881,1.5,0.25,115.68774080346097,41247289835.97579,1.16,,0.0,,,
d150,i025,2050,idm_d150_i025_2050,377.9074322603538,396.92345836514784,6.8434327899105885,1.7241190072507646,0.7926281806333254,0.19969295437916673,0.0,0.0,31.178708815960768,7.855093509559735,17.432969385689013,4.3920229500902,0.0,0.0,129.4655857788703,32.617267397627344,9.83381999999924,2.4775104098162584,201.37631341408462,50.73429377127654,0.9152570424359746,1.696,5.799074825913467,12.758516921069681,63.07278067164329,5.776526866665004,61.557722265939624,39.918216565530685,7.7479552427299145,87.5531905859709,83.35156116890387,0.0,9013473.11221511,13071104.213264452,0.023851007793901785,0.022708340669356984,231.76233307963548,-503.4401478291989,1.0,503.4401478291989,0.0,9013473.112215469,9013473.112215113,Optimal,36120358300.0,27098.176027200185,27999.86070569977,12646736,197.0,completed,2291545587.7034903,109.0871593095382,95.85908018502226,14.254469217815645,True,377.9074322603538,0.0,8094313688.318074,1.5,0.25,123.34162852735383,46611718127.58269,0.0,,0.0,,,
d150,i050,2030,idm_d150_i050_2030,283.41133986103335,290.64704915351297,1.7108581974776187,0.5886377317300694,34.5752731114776,11.895965643613243,14.312187371330436,4.924250018368868,0.0,0.0,17.647335066285844,6.071740661975527,0.0015699010989010992,0.0005401400439031858,65.56423280231746,22.558024584549617,12.988939999998939,4.468973635833641,143.84665270352616,49.49186758388513,0.2181447062874179,10.224055187106451,0.0,10.14910324044216,31.23754939815834,6.8853,44.58219980894434,18.062041470011344,6.075,77.10750353599846,72.04989216843475,46.38408657450105,56030083.43004405,0.0,0.19769880576238616,0.192777059300025,152.55041290537312,-113.43808950386097,1.0,113.43808950386097,0.0,56030083.43005766,56030083.43004404,Optimal,14507656200.0,23226.79496670002,23866.016586800106,12030866,167.0,completed,3534207238.6657977,62.38892156949316,63.694058617020445,13.775376383747032,True,283.41133986103335,0.0,0.0,1.5,0.5,76.1642979532402,21585825732.50276,3.37,,0.0206,,,
d150,i050,2040,idm_d150_i050_2040,356.5398507180617,371.5282517257134,1.710858197477643,0.4604920862763112,7.897325915253774,2.1256326749234935,1.036917371581407,0.2790951608027181,0.0,0.0,63.623156548498905,17.12471561798474,1.7090948512945403e-07,4.6001746660071126e-08,130.70673309711057,35.18083281419118,12.769519999999599,3.437025297722688,153.78374042488204,41.39220630209714,0.2360024455112356,3.4085611664826456,0.0,19.466888144029728,60.54552692997435,5.776526866665004,53.09773644385705,33.462002981109165,6.229871057959327,80.4705565002873,76.57303911628831,0.0,32394611.37259954,0.0,0.09085831866299843,0.08719286143686152,190.79652318748006,-189.87784028512937,1.0,189.87784028512937,0.0,32394611.372607473,32394611.372599542,Optimal,32858735700.0,5587.894526700024,6185.538029999938,12598724,145.0,completed,2775422905.1516023,84.66123280061692,94.44394386418543,17.904100513639886,True,356.5398507180617,0.0,120176077.00008881,1.5,0.5,102.5653333142568,36568628628.71336,1.16,,0.0,,,
d150,i050,2050,idm_d150_i050_2050,377.9074322603538,396.0931845706059,6.84343278991059,1.7277330326522466,0.849200153064338,0.21439403305687607,0.0,0.0,5.275735855802416,1.3319431036213614,44.168090323088265,11.150934185088218,0.0,0.0,128.98233605295977,32.563634285398294,9.833819999999099,2.4827036624373333,200.14056939578137,50.52865769774566,0.9162356237210507,1.696,0.7963275153152641,18.18950894468856,62.64643818953142,5.776526866665004,60.84378347082282,40.260411380236505,7.181584442838132,87.30272867823354,83.09229198314394,0.0,18026946.224431507,2211755.899832131,0.04770201558780698,0.04551188186682394,226.72640784807035,-379.93134539802867,1.0,379.93134539802867,0.0,18026946.224430937,18026946.224431507,Optimal,32353260000.0,7667.0347411003895,8269.922218100168,12646736,178.0,completed,2291546360.690223,100.9788109444897,86.50332159283624,13.007061036117465,True,377.9074322603538,0.0,8094313688.318074,1.5,0.5,113.98587198060716,43076108194.14867,0.0,,0.0,,,
d150,i100,2030,idm_d150_i100_2030,283.41133986103335,289.2528599735229,0.23525224422408447,0.08133100023474912,80.03309745466326,27.6689044533524,24.9038053897332,8.609700658452539,0.0,0.0,21.856882728623805,7.556323809771319,0.02987242610069411,0.010327443643402011,59.91503951715598,20.713724152162357,12.988940000001596,4.490513940360193,89.28997021302028,30.869174542023043,0.032,11.915,0.0,11.685686104620967,26.350576423801613,6.674112179329335,26.712163770154707,16.920106034182222,6.075,56.154743634780345,51.582898694185396,44.49910429306702,112060166.86011279,0.0,0.3953976115248594,0.3874124766488751,120.86360732384226,-14.07288551593723,1.0,14.07288551593723,0.0,112060166.86011532,112060166.86011279,Optimal,10921133900.0,2387.2285267999396,2977.761010600254,12030866,154.0,completed,3703893912.0032215,41.02534253330935,51.40152825097621,23.445154354628848,True,283.41133986103335,0.0,0.0,1.5,1.0,64.4704968879382,18271669904.517143,3.37,,0.24824575908339672,,,
d150,i100,2040,idm_d150_i100_2040,356.5398507180617,368.89178447772514,1.7108581974776238,0.4637832203012726,20.549499703359707,5.57060378356042,8.99538084086454,2.4384877135716505,0.0,0.0,84.8071578727716,22.989711736964022,4.5748498544752845e-07,1.240160406649427e-07,114.75587711267751,31.108276720000205,12.769519999999908,3.4615896957637373,125.30349029308927,33.96754700582265,0.21885923099089702,3.4085611664826456,0.0,24.581752020911757,50.13153629574969,5.776526866665004,42.104584693324426,27.661919715418158,6.075,69.00119664188786,65.07582372582286,0.0,62128114.31184016,0.0,0.17425293185801197,0.16841826499281026,147.2523865382246,0.0,1.0,0.0,0.0,64789222.74521495,62128114.31184017,Optimal,29635611400.0,6725.517560099717,7291.683526800014,12598724,140.0,completed,2775422905.1516023,65.4074104117489,83.21628009845885,25.930259136781334,True,356.5398507180617,0.0,120176077.00008881,1.5,1.0,91.33766954853023,32565519065.76862,1.16,,0.0,,,
d150,i100,2050,idm_d150_i100_2050,377.9074322603538,392.9178110287655,1.7108581974776418,0.435423935860314,8.523362618071125,2.1692482190498437,0.0,0.0,0.0,0.0,74.12503912367708,18.865278448334426,0.0,0.0,117.96677598202213,30.023270177840267,9.833819999999163,2.502767684226773,180.75795510751837,46.004011534688374,0.22083856818583172,1.696,0.0,23.46872791110707,55.6805956093433,5.776526866665004,53.32373239281138,33.49645331837767,6.075,78.96547333261573,76.02728171252865,560.3242382061034,36053892.44885828,0.0,0.09540403117560144,0.09175937419191918,169.89198175914368,-66.4967327464912,1.0,66.4967327464912,0.0,36053892.448861875,36053892.44885828,Optimal,28798576200.0,26396.91999730002,27013.308329799678,12646736,152.0,completed,2291547103.781728,83.73852951862298,75.80920941368083,19.553232249160835,True,377.9074322603538,0.0,8094313688.318074,1.5,1.0,103.29176176778381,39034724463.31136,0.0,,0.0,,,
d150,i150,2030,idm_d150_i150_2030,283.41133986103335,289.2837689782129,0.2409474344655577,0.08329103126546461,85.01370147601837,29.387649979913355,25.361926390232174,8.767144620596492,0.0,0.0,24.044465507798613,8.311722981460981,0.02832735121668838,0.009792236639042762,54.74234955583871,18.923408578779117,12.988940000000504,4.490034143940773,86.86311126264228,30.026956427404777,0.032,11.915,0.0,11.930053555570922,23.98779778057994,6.413165123206585,25.9777407564124,16.783670389551943,6.075,53.52369018139013,48.9503650061839,34.903533179281474,117979242.23367792,0.0,0.41628271575698883,0.40783222180212747,117.77705576627343,0.0,1.0,0.0,0.0,168090250.290173,117979242.23367791,Optimal,10883698700.0,3118.4570239000022,3751.384619699791,12030866,158.0,completed,3678430363.767564,39.14587167591373,51.162532926676455,24.99578327732393,True,283.41133986103335,0.0,0.0,1.5,1.5,64.14165495323766,18178472371.20117,3.37,,0.22671886993412482,,,
d150,i150,2040,idm_d150_i150_2040,356.5398507180617,368.8855185144766,1.7108581974776425,0.46379109821588227,20.54949970335972,5.5706984069512275,8.995380840864543,2.438529134212008,0.0,0.0,84.80715787277151,22.99010224480887,4.5748498544752845e-07,1.240181472262308e-07,115.04396178811017,31.186901088283133,12.769519999999893,3.4616484950191304,125.00913965440809,33.88832940849159,0.21885923099089952,3.4085611664826456,0.0,24.58175202091174,50.13153629574971,5.776526866665004,42.10458469332442,27.66191971541819,6.075,69.00067009000975,65.07523049677472,0.0,62128114.311840154,0.0,0.17425293185801194,0.16842112577916768,147.25238653822464,0.0,1.0,0.0,0.0,97183834.11782242,62128114.311840154,Optimal,29635611400.0,7113.323371900246,7717.29563840013,12598724,130.0,completed,2775422905.1516023,65.4074104117489,83.21628009845884,25.930259136781313,True,356.5398507180617,0.0,120176077.00008881,1.5,1.5,91.33766954853022,32565519065.768616,1.16,,0.0,,,
d150,i150,2050,idm_d150_i150_2050,377.9074322603538,391.66936562762135,1.7108581974776285,0.436811848875672,9.907571172382958,2.5295752085453005,0.0,0.0,0.0,0.0,97.4627327152965,24.88393049559024,0.0,0.0,111.6781243154633,28.513367170421233,9.833819999999255,2.510745251735806,161.0762592270017,41.125570024831745,0.2139828777169423,1.696,0.0,26.21922531119973,52.327416119891765,5.776526866665004,47.946270332674715,29.459284386617316,6.075,72.58649429586445,69.63893719525298,804.5698142402482,46073445.715706915,0.0,0.12191727863125297,0.11763351887855106,159.7858686728343,0.0,1.0,0.0,0.0,54080838.673292816,46073445.71570692,Optimal,28397186200.0,11486.674897500314,12091.19448080007,12646736,156.0,completed,2291547103.781728,74.15412298988224,72.14550175330578,25.473931117526526,True,377.9074322603538,0.0,8094313688.318074,1.5,1.5,99.62805410740876,37650182108.82644,0.0,,0.0,,,
