cell,carbon_price,demand_level,year,existing_units,existing_installed_mw,existing_retained_mw,existing_keeping_cost_aud_per_yr,existing_retired_mw,retained_mw_biomass,retained_mw_black_coal,retained_mw_brown_coal,retained_mw_gas,retained_mw_liquid_fuel,retained_mw_solar,retained_mw_water,retained_mw_wind,carried_capex_aud_per_yr,existing_fleet_fom_aud_per_yr,carried_gw,cost_per_mwh_excl_fuel_carbon,avg_cost_aud_per_mwh,delivered_twh,keeping_vs_extractor_fom_ratio
sweep_c0_d087,0,d087,2030,329,73870.4,54602.33443559182,2780588973.5327454,19268.06556440817,32.0,7062.21178186887,3370.0,1947.5062338565306,0.0,19072.443750224273,4447.390543570364,18670.78212607178,0.0,2780588973.5327454,0.0,31.400247686785555,45.52113404241751,164.2927979538681,1.0
sweep_c0_d087,0,d087,2040,308,49914.01880660947,48484.0182628887,2647806345.042129,1430.0005437207728,32.0,3900.0,1160.0,1201.401843022292,0.0,19072.443750224273,4447.390543570364,18670.78212607178,120176077.0000888,2647806345.042129,2.645,52.78301586164039,70.28787035583952,206.68520068832512,1.0
sweep_c0_d087,0,d087,2050,290,44077.91867968293,43800.44558423702,2134814432.9195683,277.47309544590826,0.0,1696.0,0.0,57.000000000000114,0.0,19043.77291459487,4447.390543570366,18556.28212607179,5502929886.689012,2134814432.9195683,32.81185461089437,66.71695609468229,79.88983130463542,219.0719307281744,1.0
sweep_c0_d100,0,d100,2030,329,73870.4,59280.70608095957,3134273841.7484584,14589.693919040423,32.0,9536.132386461484,3370.0,2456.197833858575,0.0021436880000744313,19327.146582285808,5776.5268666650045,18782.7002680007,0.0,3134273841.748459,0.0,31.09426409340768,48.72307063770528,188.9408932406889,0.9999999999999999
sweep_c0_d100,0,d100,2040,308,51344.13143427188,49794.129901814704,2775422817.779361,1550.0015324571796,32.0,3408.5611664826456,1160.0,1307.1950183805516,0.0,19327.146582285808,5776.5268666650045,18782.700268000695,120176077.0000888,2775422817.779361,2.645,57.91760521255613,76.22712745059042,237.6932338120412,1.0
sweep_c0_d100,0,d100,2050,290,45879.51582316606,45418.54348512391,2286589566.422064,460.9723380421492,0.0,1696.0,0.0,57.058530781514975,0.0,19220.7578196767,5776.526866665004,18668.200268000695,8094313688.318074,2286589566.422064,47.12222001365117,70.0378890823699,86.07663778834613,251.9382881735692,1.0
sweep_c0_d110,0,d110,2030,329,73870.4,63720.61733321835,3315251102.8354616,10149.78266678164,32.0,11492.338753450042,3370.0,4387.95814444715,0.0028957946496375076,19518.352978840245,5407.764560686261,19512.2,0.0,3315251102.835461,0.0,30.750085635834985,50.85045804515413,207.83498256475784,1.0000000000000002
sweep_c0_d110,0,d110,2040,308,54318.87093144651,52768.8664356258,2857268481.0471277,1550.0044958207072,32.0,3900.0,1160.0,3238.548896099301,0.0,19518.352978840245,5407.76456068626,19512.199999999997,127241392.72642396,2857268481.047128,2.690413233551599,57.446375233724176,78.76291952261913,261.4625571932453,0.9999999999999998
sweep_c0_d110,0,d110,2050,290,47874.751568808075,47212.88543959861,2312720633.4953947,661.8661292094621,0.0,1695.9999999999973,0.0,1442.4340292815702,0.0,19268.986849630786,5407.764560686259,19397.699999999997,9068397197.93605,2312720633.4953947,52.00397085637679,70.98572628844136,89.14227658715319,277.13211699092614,1.0
sweep_c0_d123,0,d123,2030,329,73870.4,66918.01489197955,3470773312.541961,6952.385108020448,32.0,11915.0,3370.0,6880.028430012349,123.62962281609109,19599.6,5485.556839151092,19512.2,0.0,3470773312.5419617,0.0,31.136040588360608,54.47101068972051,233.29514581072715,0.9999999999999999
sweep_c0_d123,0,d123,2040,308,55981.86735183881,54431.8625176182,2948887973.517103,1550.0048342206064,31.999999999999904,3899.999999999998,1160.0000000000011,4619.505678467153,122.99999999999979,19599.599999999984,5485.556839151084,19512.19999999998,527720422.5165764,2948887973.517103,4.199038381374423,61.76594588804663,83.81939341301424,293.4921958358854,1.0
sweep_c0_d123,0,d123,2050,290,48873.60758682955,48103.54134136615,2342258540.852478,770.0662454634003,0.0,1696.0,0.0,2159.250747678513,122.99999999999979,19242.033754536576,5485.556839151083,19397.699999999975,11923479374.845606,2342258540.8524776,64.25350358455776,71.74508132220889,93.24224247651723,311.08130519889096,1.0000000000000002
sweep_c150_d087,150,d087,2030,329,73870.4,56804.584377944455,2925207663.573393,17065.81562205554,32.0,3635.5682619933987,1160.0000849443068,5979.914859288264,0.0011717184884993206,19599.6,6885.299999999998,19512.2,0.0,2925207663.573393,0.0,56.99811995956065,74.72146496963865,164.2927979538681,1.0
sweep_c150_d087,150,d087,2040,308,55246.13414369468,53111.09836114759,2960287172.2274437,2135.035782547093,32.0,2084.190875868058,1160.0,3837.8074852795417,0.0,19599.6,6885.299999999998,19512.199999999997,3532431634.6549926,2960287172.227444,15.170425669023489,73.83662289570782,91.21681740402028,206.68520068832512,0.9999999999999999
sweep_c150_d087,150,d087,2050,290,48280.093081469044,46835.5388707535,2349563411.720685,1444.5542107155416,0.0,852.2737473809185,0.0,844.7193340881356,0.0,18855.545789284453,6885.2999999999965,19397.699999999997,9112148375.245195,2349563411.7206845,47.61239538009276,80.45473595924568,93.99386521798378,219.0719307281744,1.0000000000000002
sweep_c150_d100,150,d100,2030,329,73870.4,59169.216484252895,3018529469.0292473,14701.1835157471,32.00000000000002,4576.509220480454,1321.4432352309498,7242.163987380922,4.1160571673418936e-05,19599.6,6885.299999999999,19512.199999999997,0.0,3018529469.029248,0.0,60.47046894788851,81.72912698218416,188.9408932406889,0.9999999999999997
sweep_c150_d100,150,d100,2040,308,57265.92904946979,55211.43457790171,3059770321.6777363,2054.494471568083,32.0,2963.0856555538453,1159.9999999999977,5059.248922347881,0.0,19599.599999999995,6885.2999999999965,19512.199999999993,5369246117.620336,3059770321.6777363,22.822961155171868,77.21054082992777,98.89255757240818,237.6932338120412,1.0
sweep_c150_d100,150,d100,2050,290,49460.9540630359,47406.961411826356,2358600405.433048,2053.992651209541,0.0,852.3060655400749,0.0,1967.5479974958319,0.0,18304.107348790454,6885.3,19397.699999999997,11813683984.151323,2358600405.433048,57.44392810432428,85.27706790692638,101.91866856618608,251.9382881735692,1.0
sweep_c150_d110,150,d110,2030,329,73870.4,60625.929244492836,3126612326.4951115,13244.470755507158,32.0,5942.839435398259,1688.280229279163,6965.7093308999565,0.0002489154502731287,19599.6,6885.299999999998,19512.2,0.0,3126612326.4951115,0.0,62.65724838936092,86.70607619847375,207.83498256475784,1.0
sweep_c150_d110,150,d110,2040,308,57460.270717699575,55382.67859246962,3075216125.7229486,2077.592125229952,32.0,3434.5257759894994,1160.0,4759.052816480127,0.0,19599.6,6885.299999999998,19512.199999999997,6740456248.815223,3075216125.722949,27.836345205581228,78.88062979327816,104.01617050225217,261.4625571932453,0.9999999999999999
sweep_c150_d110,150,d110,2050,290,49719.88871549241,47855.82818190069,2399915076.4970474,1864.0605335917207,0.0,1230.5257759894994,0.0,1848.2629395029135,0.0,18494.03946640827,6885.299999999997,19397.700000000004,13952943769.515385,2399915076.4970474,67.66107382957536,89.3010720551324,107.553203611711,277.13211699092614,1.0
sweep_c150_d123,150,d123,2030,329,73870.4,62659.585064627565,3262744770.1510687,11210.81493537243,32.0,7681.265834764041,2352.8291838265823,6596.37131257733,0.018733459609839923,19599.6,6885.299999999998,19512.2,0.0,3262744770.151068,0.0,64.1528207530783,93.23017922036308,233.29514581072715,1.0000000000000002
sweep_c150_d123,150,d123,2040,308,57941.72421050183,55955.43464021922,3101109093.921608,1986.2895702826136,32.0,3900.0,1160.0,4866.33464021923,0.0,19599.6,6885.299999999998,19512.199999999997,8377903552.260155,3101109093.921608,34.85981401604059,78.75875770984416,109.68765955564676,293.4921958358854,1.0
sweep_c150_d123,150,d123,2050,290,50393.29820297868,48491.59532738847,2449635077.7073817,1901.7028755902065,0.0,1696.0,0.0,2056.1982029786877,0.0,18456.3971244098,6885.2999999999965,19397.699999999997,15980814425.302025,2449635077.7073817,77.6841010557636,91.05164213306348,113.62914709059606,311.08130519889096,1.0
sweep_c300_d087,300,d087,2030,329,73870.4,55840.14966303894,2832681581.2754574,18030.250336961057,32.0,1996.9735541740642,0.00023957177396171086,7814.075869293097,0.0,19599.6,6885.299999999998,19512.2,0.0,2832681581.275458,0.0,62.71661428197248,80.73751120867844,164.2927979538681,0.9999999999999998
sweep_c300_d087,300,d087,2040,308,54281.69584116368,52050.686714494754,2807010201.3205805,2231.009126668927,32.0,0.5036437963908876,0.0,6021.08307069837,0.0,19599.6,6885.299999999998,19512.199999999997,4581095089.484745,2807010201.3205805,19.34278728419156,80.72026812548914,97.41842140680616,206.68520068832512,1.0
sweep_c300_d087,300,d087,2050,290,48480.59477432257,47343.14295084581,2312820479.674811,1137.4518234767602,0.0,0.48784442654125515,0.0,1838.9999999999968,0.0,19220.655106419315,6885.299999999986,19397.699999999968,10571798747.50391,2312820479.674811,53.26105116772062,85.84979679807739,99.02838909311691,219.0719307281744,1.0
sweep_c300_d100,300,d100,2030,329,73870.4,56627.10107307051,2879401279.9733286,17243.298926929485,32.0,3228.0349337384487,0.00016750947175680776,7369.965971822584,0.0,19599.6,6885.299999999998,19512.2,0.0,2879401279.973328,0.0,69.26307795283077,89.26040353959463,188.9408932406889,1.0000000000000002
sweep_c300_d100,300,d100,2040,308,55068.172935542985,52389.57574158011,2842317320.571091,2678.5971939628726,32.0,669.4021230411145,0.0,5691.073618539006,0.0,19599.6,6885.299999999998,19512.199999999997,7255264807.145876,2842317320.571092,30.200394819758003,85.43994563601362,107.20665147387042,237.6932338120412,0.9999999999999997
sweep_c300_d100,300,d100,2050,290,48704.143385020834,46998.85430976017,2309268390.811636,1705.2890752606618,0.0,223.83734362139563,0.0,1839.2060413994427,0.0,18652.810924739337,6885.2999999999965,19397.699999999997,13710836404.114157,2309268390.811636,66.0973061066364,91.73195531248768,108.45325655915856,251.9382881735692,1.0
sweep_c300_d110,300,d110,2030,329,73870.4,56855.947766889745,2895865223.9469023,17014.45223311025,32.0,3719.298950931365,0.00349354896429284,7107.487108310048,0.058214099361946894,19599.6,6885.299999999998,19512.2,0.0,2895865223.9469028,0.0,72.70038118600783,95.01733846055087,207.83498256475784,0.9999999999999999
sweep_c300_d110,300,d110,2040,308,55296.260291682105,52787.584218136675,2875649575.5947638,2508.67607354543,32.0,1330.6190257356063,0.0,5427.808093135145,0.05709926592769024,19599.6,6885.299999999998,19512.199999999997,9217148799.185017,2875649575.594764,39.38843791850653,90.2087748825341,113.99074482246772,261.4625571932453,0.9999999999999999
sweep_c300_d110,300,d110,2050,290,49062.19464546637,47153.8689519156,2334812123.3749876,1908.325693550767,0.0,581.7818940182495,0.0,1839.2556521822023,0.05709926592769024,18449.774306449235,6885.2999999999965,19397.699999999997,16421924067.611193,2334812123.374988,76.15480454073317,95.88409996089848,115.23185144946896,277.13211699092614,0.9999999999999998
sweep_c300_d123,300,d123,2030,329,73870.4,57860.60089455367,2932984194.2782927,16009.799105446327,32.0,4214.237158457364,0.00311606298767994,7617.149565157808,0.11105487550166199,19599.6,6885.299999999998,19512.2,0.0,2932984194.2782927,0.0,76.01332187377476,102.49719195447663,233.29514581072715,1.0
sweep_c300_d123,300,d123,2040,308,56233.52725975806,53621.4217360834,2911005373.7625995,2612.1055236746615,32.0,1722.1301014764224,0.0,5870.080579731484,0.11105487550166199,19599.6,6885.299999999998,19512.199999999997,11676166038.477272,2911005373.7626,48.84204135435548,92.75875259124686,121.46628500756772,293.4921958358854,0.9999999999999999
sweep_c300_d123,300,d123,2050,290,49619.88501723793,47880.22960052133,2375376818.213403,1739.6554167166032,0.0,839.673962362439,0.0,2139.0,0.11105487550166199,18618.4445832834,6885.2999999999965,19397.699999999997,19562615028.229576,2375376818.2134027,87.45591411091505,100.15628319448922,122.87062451088974,311.08130519889096,1.0000000000000002
sweep_c550_d087,550,d087,2030,329,73870.4,54565.17916861495,2794586519.720989,19305.220831385042,31.99999999999998,440.057550740973,0.0,8096.021617873977,0.0,19599.600000000002,6885.299999999999,19512.199999999997,0.0,2794586519.720989,0.0,71.30744651703809,86.97298970847326,164.2927979538681,1.0
sweep_c550_d087,550,d087,2040,308,53006.77399207438,51535.96235234485,2787714458.3587503,1470.8116397295234,31.99999999999998,0.00023633008825848937,0.0,5628.014636984258,0.0,19599.6,6885.299999999997,19391.047479030516,6087120550.817287,2787714458.358751,24.96236803877488,88.37008797103283,104.39250623369104,206.68520068832512,0.9999999999999998
sweep_c550_d087,550,d087,2050,290,48757.92457083677,46297.05094500752,2263991848.068467,2460.8736258292483,0.0,0.0,0.0,2295.9696877918022,0.0,17839.2337781852,6885.2999999999965,19276.547479030516,11618012870.891869,2263991848.068467,56.60980368786589,92.95105398807284,105.1168072683079,219.0719307281744,1.0
sweep_c550_d100,550,d100,2030,329,73870.4,54910.92966143161,2805588436.7126694,18959.470338568382,32.0,518.7314607882574,8.252281764911597e-05,8363.090040205581,0.008077914951344797,19599.6,6885.299999999998,19512.2,0.0,2805588436.712669,0.0,76.85625402501245,96.66031433752562,188.9408932406889,1.0000000000000002
sweep_c550_d100,550,d100,2040,308,53352.508834856984,52460.88231897749,2818939347.2415123,891.6265158794922,32.0,0.00029326100301547715,0.0,6431.773947801543,0.008077914951344797,19599.6,6885.299999999998,19512.199999999997,8728095888.097494,2818939347.2415123,36.45527622801418,95.98313466695274,115.02634985940897,237.6932338120412,1.0
sweep_c550_d100,550,d100,2050,290,49146.15528620233,46742.545089333275,2277851532.2251835,2403.6101968690564,0.0,0.0,0.0,2563.0,0.008077914951344797,17896.53701141833,6885.2999999999965,19397.699999999997,15235712608.88446,2277851532.2251835,69.13396461261672,100.434095099031,115.52893513451409,251.9382881735692,1.0
sweep_c550_d110,550,d110,2030,329,73870.4,55653.22843829955,2829051700.2977085,18217.171561700445,32.00000000000001,1140.993588650701,0.0,8483.134849648834,0.0,19599.600000000006,6885.3,19512.200000000004,0.0,2829051700.297709,0.0,83.32627720770753,103.1932009637139,207.83498256475784,0.9999999999999998
sweep_c550_d110,550,d110,2040,308,54094.75796207522,52615.648372614,2822824726.452223,1479.1095894612226,32.0,0.005084803858992155,0.0,6586.543287810146,0.0,19599.6,6885.299999999999,19512.2,11350299651.723837,2822824726.452223,45.97057462860515,102.80399300356032,122.02142394085406,261.4625571932453,1.0
sweep_c550_d110,550,d110,2050,290,49048.39718528646,46701.00560126672,2277422269.135432,2347.391584019744,0.0,0.0,0.0,2465.233198452205,0.0,17952.772402814542,6885.299999999995,19397.699999999968,18644746250.03521,2277422269.135432,79.69727588675161,106.12940921504952,122.7382816508082,277.13211699092614,1.0
sweep_c550_d123,550,d123,2030,329,73870.4,56030.79359585551,2842636406.6424503,17839.606404144484,32.000000000000014,1425.8960263253994,0.0008471468865549632,8575.796722383211,0.0,19599.600000000006,6885.3,19512.200000000008,0.0,2842636406.6424503,0.0,89.0727285086461,111.09790877615204,233.29514581072715,1.0
sweep_c550_d123,550,d123,2040,308,54392.24756314824,52538.597814199406,2820071366.479289,1853.649748948832,32.0,0.00012692454019685935,0.0,6509.497687274866,0.0,19599.6,6885.299999999998,19512.2,14577864928.51852,2820071366.4792886,56.58032988291772,108.64677641085814,130.55907514827675,293.4921958358854,1.0000000000000002
sweep_c550_d123,550,d123,2050,290,48896.42213351416,46133.72395953235,2260564557.1546044,2762.6981739818148,0.0,0.0,0.0,1943.2794575531566,0.0,17907.4445019792,6885.299999999995,19397.699999999993,22774079071.153515,2260564557.1546044,93.64547110072624,112.96124206326496,130.50323117012107,311.08130519889096,1.0
