year,planned_twh,planned_renewable_fraction,fuel_allowance_aud_per_mwh,planned_cost_aud_per_mwh,planned_t_co2e_per_mwh,planned_pj_per_twh,residual_t_co2e_per_mwh,planned_share_ladder_cost_aud_per_mwh,scale_premium_aud_per_mwh,growth_charge_aud_per_mwh,extra_mwh_price_aud_per_mwh,futures_min_twh,futures_max_twh,ladder_point,ladder_renewable_fraction,ladder_cost_aud_per_mwh,ladder_t_co2e_per_mwh,common_fuel_allowance_aud_per_mwh,common_planned_cost_aud_per_mwh,common_planned_share_ladder_cost_aud_per_mwh,common_scale_premium_aud_per_mwh,common_growth_charge_aud_per_mwh,common_extra_mwh_price_aud_per_mwh,common_ladder_cost_aud_per_mwh,common_planned_twh,common_futures_min_twh,common_futures_max_twh
2026,193.911,0.39475,22.46418,61.56269,0.65991,6.98797,1.0903,100.59895,1.5789,2.15545,126.79747,190.911,197.911,assumed_clean_at_residual_anchor,0.35709,99.87602,0.70097,18.25757,50.03456,81.76096,1.28324,1.75182,103.05359,81.17341,187.53323,184.6319,191.40167
2026,193.911,0.39475,22.46418,61.56269,0.65991,6.98797,1.0903,100.59895,1.5789,2.15545,126.79747,190.911,197.911,clean_to_668379,0.66838,105.85132,0.36157,18.25757,50.03456,81.76096,1.28324,1.75182,103.05359,86.02978,187.53323,184.6319,191.40167
2026,193.911,0.39475,22.46418,61.56269,0.65991,6.98797,1.0903,100.59895,1.5789,2.15545,126.79747,190.911,197.911,clean_to_768379,0.76838,107.77083,0.25254,18.25757,50.03456,81.76096,1.28324,1.75182,103.05359,87.58985,187.53323,184.6319,191.40167
2026,193.911,0.39475,22.46418,61.56269,0.65991,6.98797,1.0903,100.59895,1.5789,2.15545,126.79747,190.911,197.911,clean_to_868379,0.86838,111.4767,0.14351,18.25757,50.03456,81.76096,1.28324,1.75182,103.05359,90.60176,187.53323,184.6319,191.40167
2026,193.911,0.39475,22.46418,61.56269,0.65991,6.98797,1.0903,100.59895,1.5789,2.15545,126.79747,190.911,197.911,clean_to_968379,0.96838,117.84681,0.03448,18.25757,50.03456,81.76096,1.28324,1.75182,103.05359,95.77901,187.53323,184.6319,191.40167
2026,193.911,0.39475,22.46418,61.56269,0.65991,6.98797,1.0903,100.59895,1.5789,2.15545,126.79747,190.911,197.911,nominal_99,0.99,119.22411,0.0109,18.25757,50.03456,81.76096,1.28324,1.75182,103.05359,96.89841,187.53323,184.6319,191.40167
2030,213.911,0.79394,5.84674,87.85375,0.18762,2.17277,0.91051,95.89406,7.89449,39.60322,149.2385,178.911,223.911,assumed_clean_at_360676,0.36068,88.6846,0.58211,4.89706,73.58381,80.31815,6.6122,33.17054,124.99795,74.27971,200.74255,167.89716,210.12694
2030,213.911,0.79394,5.84674,87.85375,0.18762,2.17277,0.91051,95.89406,7.89449,39.60322,149.2385,178.911,223.911,clean_to_668379,0.66838,93.55337,0.30195,4.89706,73.58381,80.31815,6.6122,33.17054,124.99795,78.35766,200.74255,167.89716,210.12694
2030,213.911,0.79394,5.84674,87.85375,0.18762,2.17277,0.91051,95.89406,7.89449,39.60322,149.2385,178.911,223.911,clean_to_768379,0.76838,95.13567,0.21089,4.89706,73.58381,80.31815,6.6122,33.17054,124.99795,79.68294,200.74255,167.89716,210.12694
2030,213.911,0.79394,5.84674,87.85375,0.18762,2.17277,0.91051,95.89406,7.89449,39.60322,149.2385,178.911,223.911,clean_to_868379,0.86838,98.10247,0.11984,4.89706,73.58381,80.31815,6.6122,33.17054,124.99795,82.16786,200.74255,167.89716,210.12694
2030,213.911,0.79394,5.84674,87.85375,0.18762,2.17277,0.91051,95.89406,7.89449,39.60322,149.2385,178.911,223.911,clean_to_968379,0.96838,104.62945,0.02879,4.89706,73.58381,80.31815,6.6122,33.17054,124.99795,87.63467,200.74255,167.89716,210.12694
2030,213.911,0.79394,5.84674,87.85375,0.18762,2.17277,0.91051,95.89406,7.89449,39.60322,149.2385,178.911,223.911,nominal_99,0.99,106.04067,0.00911,4.89706,73.58381,80.31815,6.6122,33.17054,124.99795,88.81667,200.74255,167.89716,210.12694
2035,264.04333,0.91821,2.84783,98.14674,0.06976,0.83186,0.85287,90.76664,7.89449,2.15545,103.66442,204.04333,314.04333,assumed_clean_at_360676,0.36068,79.29668,0.54526,2.42545,83.59002,77.30451,6.72361,1.83576,88.28934,67.53573,243.68285,188.30947,289.82733
2035,264.04333,0.91821,2.84783,98.14674,0.06976,0.83186,0.85287,90.76664,7.89449,2.15545,103.66442,204.04333,314.04333,clean_to_668379,0.66838,83.68566,0.28283,2.42545,83.59002,77.30451,6.72361,1.83576,88.28934,71.27375,243.68285,188.30947,289.82733
2035,264.04333,0.91821,2.84783,98.14674,0.06976,0.83186,0.85287,90.76664,7.89449,2.15545,103.66442,204.04333,314.04333,clean_to_768379,0.76838,85.11202,0.19754,2.42545,83.59002,77.30451,6.72361,1.83576,88.28934,72.48856,243.68285,188.30947,289.82733
2035,264.04333,0.91821,2.84783,98.14674,0.06976,0.83186,0.85287,90.76664,7.89449,2.15545,103.66442,204.04333,314.04333,clean_to_868379,0.86838,87.53839,0.11226,2.42545,83.59002,77.30451,6.72361,1.83576,88.28934,74.55506,243.68285,188.30947,289.82733
2035,264.04333,0.91821,2.84783,98.14674,0.06976,0.83186,0.85287,90.76664,7.89449,2.15545,103.66442,204.04333,314.04333,clean_to_968379,0.96838,94.01664,0.02697,2.42545,83.59002,77.30451,6.72361,1.83576,88.28934,80.07248,243.68285,188.30947,289.82733
2035,264.04333,0.91821,2.84783,98.14674,0.06976,0.83186,0.85287,90.76664,7.89449,2.15545,103.66442,204.04333,314.04333,nominal_99,0.99,95.41732,0.00853,2.42545,83.59002,77.30451,6.72361,1.83576,88.28934,81.26542,243.68285,188.30947,289.82733
2040,299.27377,0.93778,3.97585,110.1274,0.04329,0.55004,0.69567,89.37827,11.72047,2.15545,107.23004,229.27377,384.27377,assumed_clean_at_360676,0.36068,76.30025,0.44476,3.40337,94.27027,76.50879,10.03285,1.84509,91.7901,65.31385,274.80055,210.52482,352.84964
2040,299.27377,0.93778,3.97585,110.1274,0.04329,0.55004,0.69567,89.37827,11.72047,2.15545,107.23004,229.27377,384.27377,clean_to_668379,0.66838,81.14257,0.2307,3.40337,94.27027,76.50879,10.03285,1.84509,91.7901,69.45893,274.80055,210.52482,352.84964
2040,299.27377,0.93778,3.97585,110.1274,0.04329,0.55004,0.69567,89.37827,11.72047,2.15545,107.23004,229.27377,384.27377,clean_to_768379,0.76838,82.71627,0.16113,3.40337,94.27027,76.50879,10.03285,1.84509,91.7901,70.80604,274.80055,210.52482,352.84964
2040,299.27377,0.93778,3.97585,110.1274,0.04329,0.55004,0.69567,89.37827,11.72047,2.15545,107.23004,229.27377,384.27377,clean_to_868379,0.86838,85.08933,0.09157,3.40337,94.27027,76.50879,10.03285,1.84509,91.7901,72.83741,274.80055,210.52482,352.84964
2040,299.27377,0.93778,3.97585,110.1274,0.04329,0.55004,0.69567,89.37827,11.72047,2.15545,107.23004,229.27377,384.27377,clean_to_968379,0.96838,91.26943,0.022,3.40337,94.27027,76.50879,10.03285,1.84509,91.7901,78.12764,274.80055,210.52482,352.84964
2040,299.27377,0.93778,3.97585,110.1274,0.04329,0.55004,0.69567,89.37827,11.72047,2.15545,107.23004,229.27377,384.27377,nominal_99,0.99,92.60565,0.00696,3.40337,94.27027,76.50879,10.03285,1.84509,91.7901,79.27146,274.80055,210.52482,352.84964
2045,324.46231,0.95246,3.47041,122.10689,0.03122,0.4058,0.65685,88.7421,12.64291,2.15545,107.01087,254.46231,444.46231,assumed_clean_at_360676,0.36068,74.83508,0.41994,2.97417,104.64668,76.05276,10.83509,1.84724,91.70926,64.13432,297.58242,233.38153,407.64109
2045,324.46231,0.95246,3.47041,122.10689,0.03122,0.4058,0.65685,88.7421,12.64291,2.15545,107.01087,254.46231,444.46231,clean_to_668379,0.66838,79.70116,0.21782,2.97417,104.64668,76.05276,10.83509,1.84724,91.70926,68.3046,297.58242,233.38153,407.64109
2045,324.46231,0.95246,3.47041,122.10689,0.03122,0.4058,0.65685,88.7421,12.64291,2.15545,107.01087,254.46231,444.46231,clean_to_768379,0.76838,81.28258,0.15214,2.97417,104.64668,76.05276,10.83509,1.84724,91.70926,69.65989,297.58242,233.38153,407.64109
2045,324.46231,0.95246,3.47041,122.10689,0.03122,0.4058,0.65685,88.7421,12.64291,2.15545,107.01087,254.46231,444.46231,clean_to_868379,0.86838,83.59068,0.08645,2.97417,104.64668,76.05276,10.83509,1.84724,91.70926,71.63796,297.58242,233.38153,407.64109
2045,324.46231,0.95246,3.47041,122.10689,0.03122,0.4058,0.65685,88.7421,12.64291,2.15545,107.01087,254.46231,444.46231,clean_to_968379,0.96838,89.71721,0.02077,2.97417,104.64668,76.05276,10.83509,1.84724,91.70926,76.88845,297.58242,233.38153,407.64109
2045,324.46231,0.95246,3.47041,122.10689,0.03122,0.4058,0.65685,88.7421,12.64291,2.15545,107.01087,254.46231,444.46231,nominal_99,0.99,91.04185,0.00657,2.97417,104.64668,76.05276,10.83509,1.84724,91.70926,78.02367,297.58242,233.38153,407.64109
2050,339.65085,0.97297,2.94699,135.07967,0.01159,0.19465,0.42872,88.35521,11.01245,2.15545,104.4701,279.65085,504.65085,assumed_clean_at_360676,0.36068,73.43145,0.27409,2.52989,115.96108,75.8498,9.4538,1.85038,89.68386,63.03828,310.98452,256.04848,462.05861
2050,339.65085,0.97297,2.94699,135.07967,0.01159,0.19465,0.42872,88.35521,11.01245,2.15545,104.4701,279.65085,504.65085,clean_to_668379,0.66838,78.17176,0.14217,2.52989,115.96108,75.8498,9.4538,1.85038,89.68386,67.10767,310.98452,256.04848,462.05861
2050,339.65085,0.97297,2.94699,135.07967,0.01159,0.19465,0.42872,88.35521,11.01245,2.15545,104.4701,279.65085,504.65085,clean_to_768379,0.76838,79.7123,0.0993,2.52989,115.96108,75.8498,9.4538,1.85038,89.68386,68.43017,310.98452,256.04848,462.05861
2050,339.65085,0.97297,2.94699,135.07967,0.01159,0.19465,0.42872,88.35521,11.01245,2.15545,104.4701,279.65085,504.65085,clean_to_868379,0.86838,81.92898,0.05643,2.52989,115.96108,75.8498,9.4538,1.85038,89.68386,70.33311,310.98452,256.04848,462.05861
2050,339.65085,0.97297,2.94699,135.07967,0.01159,0.19465,0.42872,88.35521,11.01245,2.15545,104.4701,279.65085,504.65085,clean_to_968379,0.96838,88.07341,0.01356,2.52989,115.96108,75.8498,9.4538,1.85038,89.68386,75.60788,310.98452,256.04848,462.05861
2050,339.65085,0.97297,2.94699,135.07967,0.01159,0.19465,0.42872,88.35521,11.01245,2.15545,104.4701,279.65085,504.65085,nominal_99,0.99,89.40191,0.00429,2.52989,115.96108,75.8498,9.4538,1.85038,89.68386,76.74835,310.98452,256.04848,462.05861
2055,359.65085,0.97795,2.48624,147.58737,0.00945,0.15873,0.42872,87.06206,10.65844,2.15545,102.36219,304.65085,564.65085,assumed_clean_at_360676,0.36068,71.99706,0.27409,2.13435,126.6985,74.73968,9.14989,1.85038,87.87429,61.80691,329.29653,278.9385,516.99465
2055,359.65085,0.97795,2.48624,147.58737,0.00945,0.15873,0.42872,87.06206,10.65844,2.15545,102.36219,304.65085,564.65085,clean_to_668379,0.66838,76.68635,0.14217,2.13435,126.6985,74.73968,9.14989,1.85038,87.87429,65.8325,329.29653,278.9385,516.99465
2055,359.65085,0.97795,2.48624,147.58737,0.00945,0.15873,0.42872,87.06206,10.65844,2.15545,102.36219,304.65085,564.65085,clean_to_768379,0.76838,78.21032,0.0993,2.13435,126.6985,74.73968,9.14989,1.85038,87.87429,67.14077,329.29653,278.9385,516.99465
2055,359.65085,0.97795,2.48624,147.58737,0.00945,0.15873,0.42872,87.06206,10.65844,2.15545,102.36219,304.65085,564.65085,clean_to_868379,0.86838,80.34881,0.05643,2.13435,126.6985,74.73968,9.14989,1.85038,87.87429,68.97659,329.29653,278.9385,516.99465
2055,359.65085,0.97795,2.48624,147.58737,0.00945,0.15873,0.42872,87.06206,10.65844,2.15545,102.36219,304.65085,564.65085,clean_to_968379,0.96838,86.47539,0.01356,2.13435,126.6985,74.73968,9.14989,1.85038,87.87429,74.23604,329.29653,278.9385,516.99465
2055,359.65085,0.97795,2.48624,147.58737,0.00945,0.15873,0.42872,87.06206,10.65844,2.15545,102.36219,304.65085,564.65085,nominal_99,0.99,87.80004,0.00429,2.13435,126.6985,74.73968,9.14989,1.85038,87.87429,75.37321,329.29653,278.9385,516.99465
2060,379.65085,0.98148,2.15818,160.09427,0.00794,0.13333,0.42872,85.67786,10.30443,2.15545,100.29592,329.65085,624.65085,assumed_clean_at_360676,0.36068,70.56266,0.27409,1.85272,137.43522,73.55139,8.84598,1.85038,86.10047,60.57553,347.60854,301.82851,571.93068
2060,379.65085,0.98148,2.15818,160.09427,0.00794,0.13333,0.42872,85.67786,10.30443,2.15545,100.29592,329.65085,624.65085,clean_to_668379,0.66838,75.20095,0.14217,1.85272,137.43522,73.55139,8.84598,1.85038,86.10047,64.55733,347.60854,301.82851,571.93068
2060,379.65085,0.98148,2.15818,160.09427,0.00794,0.13333,0.42872,85.67786,10.30443,2.15545,100.29592,329.65085,624.65085,clean_to_768379,0.76838,76.70834,0.0993,1.85272,137.43522,73.55139,8.84598,1.85038,86.10047,65.85138,347.60854,301.82851,571.93068
2060,379.65085,0.98148,2.15818,160.09427,0.00794,0.13333,0.42872,85.67786,10.30443,2.15545,100.29592,329.65085,624.65085,clean_to_868379,0.86838,78.76863,0.05643,1.85272,137.43522,73.55139,8.84598,1.85038,86.10047,67.62006,347.60854,301.82851,571.93068
2060,379.65085,0.98148,2.15818,160.09427,0.00794,0.13333,0.42872,85.67786,10.30443,2.15545,100.29592,329.65085,624.65085,clean_to_968379,0.96838,84.87738,0.01356,1.85272,137.43522,73.55139,8.84598,1.85038,86.10047,72.86421,347.60854,301.82851,571.93068
2060,379.65085,0.98148,2.15818,160.09427,0.00794,0.13333,0.42872,85.67786,10.30443,2.15545,100.29592,329.65085,624.65085,nominal_99,0.99,86.19818,0.00429,1.85272,137.43522,73.55139,8.84598,1.85038,86.10047,73.99806,347.60854,301.82851,571.93068
